bag_id,barcode,soak_id,n_readings,mon2,tof,Tch,temp_diag,T_channel,sig,sig_T,reading_offset_min,status,site,water_type,cbt,censored,t_utc,b_T,day,baseline,baseline_day,baseline_age_days,sig_TD,sample_group,sample_local,chlorine,F,B,Blog,Tc,FT,base_age,cens,bc,grp,bag,pred_new sensor + new day,cut10_new sensor + new day,pred_day held out,cut10_day held out,cl
B202605251012,50045,S001,1,426.0,28.0,28.867188,30.73227,sipm_temperature,5.545177444479562,5.7358219864795625,2.7393229166666666,paired,LSC15529,Treated,0.0,False,2026-05-25 10:12:00+00:00,-0.0215,2026-05-25,5.7358219864795625,2026-05-25,0,0.0,G202605251012,2026-05-25 10:12:00,,-0.04022918927446817,-2.0,-0.06899287148695143,8.867187999999999,-0.3567197843842928,0,False,50045,G202605251012,B202605251012,0.0016102958339150111,1.1692905330306933,-0.18351514509774336,5.135755579956611,
B202605251012,50065,S001,3,294.0,39.0,34.662384,34.662384,temperature (board),4.820281565605037,5.135522821605037,0.00955,paired,LSC15529,Treated,0.0,False,2026-05-25 10:12:00+00:00,-0.0215,2026-05-25,5.325959592779712,2026-05-25,0,-0.1904367711746744,G202605251012,2026-05-25 10:12:00,,-0.20432516564762349,1.0,0.025975486403260736,14.662384000000003,-2.9958940395890648,0,False,50065,G202605251012,B202605251012,-0.14162696501502675,7.216330301596466,0.051533903719944374,5.135755579956611,
B202605251026,50045,S002,1,439.0,29.0,26.015625,27.303162,sipm_temperature,5.594711379601839,5.724047317101839,0.7349609333333333,paired,LSC11397,Treated,0.0,False,2026-05-25 10:26:00+00:00,-0.0215,2026-05-25,5.7358219864795625,2026-05-25,0,-0.0117746693777238,G202605251026,2026-05-25 10:26:00,,-0.05789119334105308,-1.0,-0.03390155167568134,6.015625,-0.34825170994227245,0,False,50045,G202605251026,B202605251026,0.1814179822652402,1.1692905330306933,0.02205190970571043,5.135755579956611,
B202605251026,50065,S002,4,387.0,39.0,31.863983,31.863983,temperature (board),5.37989735354046,5.635363555722082,0.4542,paired,LSC11397,Treated,0.0,False,2026-05-25 10:26:00+00:00,-0.0215,2026-05-25,5.325959592779712,2026-05-25,0,0.3094039629423699,G202605251026,2026-05-25 10:26:00,,0.32329235741531903,1.0,0.025975486403260736,11.863983000000001,3.8355350324052693,0,False,50065,G202605251026,B202605251026,0.8265317130362353,7.216330301596466,0.6657214951874669,5.135755579956611,
B202605251035,50065,S003,4,338.0,38.0,30.764984,30.764984,temperature (board),5.123963979403259,5.3554111354032585,0.4706916666666667,paired,LSC15371,Treated,0.0,False,2026-05-25 10:35:00+00:00,-0.0215,2026-05-25,5.325959592779712,2026-05-25,0,0.0294515426235468,G202605251035,2026-05-25 10:35:00,,0.04333993709649597,0.0,0.0,10.764983999999998,0.4665537294047855,0,False,50065,G202605251035,B202605251035,0.2309622101066052,7.216330301596466,0.24103223452227493,5.135755579956611,
B202605251045,50045,S004,1,474.0,30.0,25.164062,25.784988,sipm_temperature,5.717027701406222,5.828055034406222,-0.2660156333333333,paired,LSC11400,Treated,0.0,False,2026-05-25 10:45:00+00:00,-0.0215,2026-05-25,5.7358219864795625,2026-05-25,0,0.0922330479266593,G202605251045,2026-05-25 10:45:00,,0.09812038261552125,0.5,0.01680711831638119,5.164062000000001,0.506699739290274,0,False,50045,G202605251045,B202605251045,0.5994137481550703,1.1692905330306933,0.49541545363397355,5.135755579956611,
B202605251045,50065,S004,4,333.0,38.0,30.0134735,30.0134735,temperature (board),5.093750200806762,5.3120711983067626,0.4623333333333333,paired,LSC11400,Treated,0.0,False,2026-05-25 10:45:00+00:00,-0.0215,2026-05-25,5.325959592779712,2026-05-25,0,-0.013888394472949,G202605251045,2026-05-25 10:45:00,,-0.02777678894589819,0.0,0.0,10.0134735,-0.27814214002484444,0,False,50065,G202605251045,B202605251045,0.13062477916988513,7.216330301596466,0.17279255382106593,5.135755579956611,
B202605251107,50045,S006,1,510.0,30.0,25.28125,26.061935,sipm_temperature,5.8289456176102075,5.942492492610207,1.7380859333333334,paired,LSC15206,Treated,0.0,False,2026-05-25 11:07:00+00:00,-0.0215,2026-05-25,5.7358219864795625,2026-05-25,0,0.2066705061306448,G202605251107,2026-05-25 11:07:00,,0.2125578408195068,0.5,0.01680711831638119,5.28125,1.1225710968280203,0,False,50045,G202605251107,B202605251107,0.7515904667824105,1.1692905330306933,0.6366437934375091,5.135755579956611,
B202605251107,50065,S006,4,330.5,38.0,28.5657955,28.5657955,temperature (board),5.078289090109145,5.262128591859145,0.4439666666666667,paired,LSC15206,Treated,0.0,False,2026-05-25 11:07:00+00:00,-0.0215,2026-05-25,5.325959592779712,2026-05-25,0,-0.0638310009205662,G202605251107,2026-05-25 11:07:00,,-0.07771939539351536,0.0,0.0,8.5657955,-0.6657284473244945,0,False,50065,G202605251107,B202605251107,0.08413746044173931,7.216330301596466,0.1369130709413046,5.135755579956611,
B202605251055,50045,S005,1,441.0,30.0,25.40625,26.041794,sipm_temperature,5.602118820879701,5.718353195879701,1.7358723833333334,paired,LSC15206,Treated,0.0,False,2026-05-25 10:55:00+00:00,-0.0215,2026-05-25,5.7358219864795625,2026-05-25,0,-0.0174687905998611,G202605251055,2026-05-25 10:55:00,,-0.06358531456319039,0.5,0.01680711831638119,5.40625,-0.34375810685724806,0,False,50045,G202605251055,B202605251055,0.3722070485350399,1.1692905330306933,0.2886757308870793,5.135755579956611,
B202605251055,50065,S005,4,341.0,38.0,29.2707525,29.2707525,temperature (board),5.14166355650266,5.339847987252661,0.4498833333333333,paired,LSC15206,Treated,0.0,False,2026-05-25 10:55:00+00:00,-0.0215,2026-05-25,5.325959592779712,2026-05-25,0,0.013888394472949,G202605251055,2026-05-25 10:55:00,,0.02777678894589819,0.0,0.0,9.2707525,0.257511735562158,0,False,50065,G202605251055,B202605251055,0.22570905542218564,7.216330301596466,0.24907754685693478,5.135755579956611,
B202605251116,50045,S007,1,532.0,32.0,25.28125,26.185303,sipm_temperature,5.8916442118257715,6.005191086825771,-1.2620442833333334,paired,Kamonyi. EP Rwishwima. Near nursery class2. Rain water tank,Source (untreated),5.0,False,2026-05-25 11:16:00+00:00,-0.0215,2026-05-25,5.7358219864795625,2026-05-25,0,0.2693691003462088,G202605251116,2026-05-25 11:16:00,,0.26936910034620887,2.0,0.06453852113757116,5.28125,1.4226055612034156,0,False,50045,G202605251116,B202605251116,1.0005994327975607,1.1692905330306933,0.9568280953957345,5.135755579956611,
B202605251116,50065,S007,4,459.0,41.0,27.777756,27.777756,temperature (board),5.666420701558232,5.833642455558232,0.3848833333333333,paired,Kamonyi. EP Rwishwima. Near nursery class2. Rain water tank,Source (untreated),5.0,False,2026-05-25 11:16:00+00:00,-0.0215,2026-05-25,5.325959592779712,2026-05-25,0,0.5076828627785206,G202605251116,2026-05-25 11:16:00,,0.5076828627785206,3.0,0.07598590697792205,7.777756,3.9486334320728154,0,False,50065,G202605251116,B202605251116,1.3125147747806718,7.216330301596466,1.2448702396309188,5.135755579956611,
B202605251120,50045,S007,1,576.0,32.0,24.367188,25.568466,sipm_temperature,6.0063531596017325,6.100247701601733,0.7372395833333333,paired,Kamonyi. EP Rwishwima. In front of the kitchen. Rain water tank,Source (untreated),5.0,False,2026-05-25 11:20:00+00:00,-0.0215,2026-05-25,5.7358219864795625,2026-05-25,0,0.3644257151221701,G202605251116,2026-05-25 11:20:00,,0.36442571512217015,2.0,0.06453852113757116,4.367187999999999,1.5915156099729595,0,False,50045,G202605251116,B202605251120,1.166303416683916,1.1692905330306933,1.0987035272358174,5.135755579956611,
B202605251120,50065,S007,4,463.0,41.0,27.0199285,27.0199285,temperature (board),5.680172609017068,5.831370353677874,0.3809666666666666,paired,Kamonyi. EP Rwishwima. In front of the kitchen. Rain water tank,Source (untreated),5.0,False,2026-05-25 11:20:00+00:00,-0.0215,2026-05-25,5.325959592779712,2026-05-25,0,0.5054107608981626,G202605251116,2026-05-25 11:20:00,,0.5054107608981626,3.0,0.07598590697792205,7.019928499999999,3.5479474046356967,0,False,50065,G202605251116,B202605251120,1.2924289436483316,7.216330301596466,1.263468874139403,5.135755579956611,
B202605251130,50065,S008,4,370.0,39.0,25.578522,25.578522,temperature (board),5.298317366548036,5.418255589548036,0.4079083333333333,paired,Kamonyi. EP Rwishwima. Between nursery class1 and nursery class2. Spring water tap,Source (untreated),0.0,False,2026-05-25 11:30:00+00:00,-0.0215,2026-05-25,5.325959592779712,2026-05-25,0,0.0922959967683247,G202605251130,2026-05-25 11:30:00,,0.09229599676832478,1.0,0.025975486403260736,5.5785219999999995,0.5148752484840287,0,False,50065,G202605251130,B202605251130,0.49184507408767736,7.216330301596466,0.5282126982694653,5.135755579956611,
B202605251133,50065,S008,4,368.5,38.5,25.578522,25.578522,temperature (board),5.290785927709514,5.410724150709514,0.4049,paired,Kamonyi. EP Rwishwima. Between nursery class1 and nursery class2. Spring water tap,Source (untreated),0.0,False,2026-05-25 11:33:00+00:00,-0.0215,2026-05-25,5.325959592779712,2026-05-25,0,0.0847645579298026,G202605251130,2026-05-25 11:33:00,,0.08476455792980264,0.5,0.0130720815673527,5.5785219999999995,0.47286095123167843,0,False,50065,G202605251130,B202605251133,0.41322336688148065,7.216330301596466,0.4515167348364051,5.135755579956611,
B202605251142,50045,S009,1,513.0,30.0,24.460938,25.472794,sipm_temperature,5.8377304471659395,5.933640614165939,2.7438151,paired,Kamonyi. EP Rwishwima. Near the toilets. Rain water tank,Source (untreated),0.0,False,2026-05-25 11:42:00+00:00,-0.0215,2026-05-25,5.7358219864795625,2026-05-25,0,0.1978186276863764,G202605251142,2026-05-25 11:42:00,,0.19781862768637648,0.0,0.0,4.460937999999999,0.8824566333540087,0,False,50045,G202605251142,B202605251142,0.6993676161241227,1.1692905330306933,0.5477589949188197,5.135755579956611,
B202605251142,50065,S009,4,354.0,38.0,26.119843,26.119843,temperature (board),5.214935757608986,5.346512382108986,0.40505,paired,Kamonyi. EP Rwishwima. Near the toilets. Rain water tank,Source (untreated),0.0,False,2026-05-25 11:42:00+00:00,-0.0215,2026-05-25,5.325959592779712,2026-05-25,0,0.0205527893292742,G202605251142,2026-05-25 11:42:00,,0.02055278932927429,0.0,0.0,6.1198429999999995,0.12577984390723396,0,False,50065,G202605251142,B202605251142,0.25788513734208074,7.216330301596466,0.29411312815819235,5.135755579956611,
B202605251145,50045,S009,1,513.0,30.0,24.460938,25.472794,sipm_temperature,5.8377304471659395,5.933640614165939,-0.2561849,paired,Kamonyi. EP Rwishwima. Near the toilets. Rain water tank,Source (untreated),0.0,False,2026-05-25 11:45:00+00:00,-0.0215,2026-05-25,5.7358219864795625,2026-05-25,0,0.1978186276863764,G202605251142,2026-05-25 11:45:00,,0.19781862768637648,0.0,0.0,4.460937999999999,0.8824566333540087,0,False,50045,G202605251142,B202605251145,0.6993676161241227,1.1692905330306933,0.5477589949188197,5.135755579956611,
B202605251145,50065,S009,4,355.0,39.0,25.8869625,25.8869625,temperature (board),5.220355825078324,5.3461641913436555,0.4027,paired,Kamonyi. EP Rwishwima. Near the toilets. Rain water tank,Source (untreated),0.0,False,2026-05-25 11:45:00+00:00,-0.0215,2026-05-25,5.325959592779712,2026-05-25,0,0.0202045985639438,G202605251142,2026-05-25 11:45:00,,0.020204598563943854,1.0,0.025975486403260736,5.886962499999999,0.1189437140734913,0,False,50065,G202605251142,B202605251145,0.4005899165545373,7.216330301596466,0.4331268433157701,5.135755579956611,
B202605260943,50045,S010,1,487.0,29.0,28.460938,29.881287,sipm_temperature,5.75890177387728,5.94081194087728,0.02734375,paired,LSC15197,Treated,3.0,False,2026-05-26 09:43:00+00:00,-0.0215,2026-05-26,5.866750683293772,2026-05-26,0,0.0740612575835077,G202605260943,2026-05-26 09:43:00,,0.12013238214464739,0.0,0.0,8.460937999999999,1.0164326371181684,0,False,50045,G202605260943,B202605260943,0.37928465545022383,1.042583609808241,0.291732168992461,15.015370832094582,
B202605260943,50065,S010,4,330.0,38.0,31.981049,31.981049,temperature (board),5.075173815233827,5.332766368733827,0.4338833333333334,paired,LSC15197,Treated,3.0,False,2026-05-26 09:43:00+00:00,-0.0215,2026-05-26,5.259016482892435,2026-05-26,0,0.0737498858413916,G202605260943,2026-05-26 09:43:00,,0.08293336853055244,0.0,0.0,11.981048999999999,0.9936287520996067,0,False,50065,G202605260943,B202605260943,0.2783064707004733,14.357704758751783,0.22302336867476366,15.015370832094582,
B202605260951,50065,S011,3,320.0,38.0,32.87735,32.87735,temperature (board),5.0106352940962555,5.2874983190962555,0.9320666666666668,paired,LSC11394,Treated,0.0,False,2026-05-26 09:51:00+00:00,-0.0215,2026-05-26,5.259016482892435,2026-05-26,0,0.0284818362038201,G202605260951,2026-05-26 09:51:00,,0.03766531889298097,0.0,0.0,12.87735,0.48502949424652847,0,False,50065,G202605260951,B202605260951,0.20359804570695342,14.357704758751783,0.16878894197213812,15.015370832094582,
B202605261000,50045,S012,1,461.0,29.0,24.710938,25.709457,sipm_temperature,5.673323267171493,5.774608434171493,1.02428385,paired,LSC15145,Treated,0.0,False,2026-05-26 10:00:00+00:00,-0.0215,2026-05-26,5.866750683293772,2026-05-26,0,-0.0921422491222792,G202605261000,2026-05-26 10:00:00,,-0.12917287791403265,0.0,0.0,4.710937999999999,-0.6085254191345769,0,False,50045,G202605261000,B202605261000,0.11400057109692793,1.042583609808241,0.009632222171284954,15.015370832094582,
B202605261000,50065,S012,4,318.0,38.0,31.2144165,31.2144165,temperature (board),4.997212273764115,5.240649517514115,0.4265166666666667,paired,LSC15145,Treated,0.0,False,2026-05-26 10:00:00+00:00,-0.0215,2026-05-26,5.259016482892435,2026-05-26,0,-0.0183669653783207,G202605261000,2026-05-26 10:00:00,,-0.032607883480230804,0.0,0.0,11.214416499999999,-0.3656783865307777,0,False,50065,G202605261000,B202605261000,0.09542287444868258,14.357704758751783,0.10200491595132458,15.015370832094582,
B202605261017,50065,S014,4,310.5,37.5,30.70456,30.70456,temperature (board),4.945201156493736,5.175349196493736,0.4141833333333333,paired,LSC11379,Treated,0.0,False,2026-05-26 10:17:00+00:00,-0.0215,2026-05-26,5.259016482892435,2026-05-26,0,-0.0836672863986995,G202605261017,2026-05-26 10:17:00,,-0.09790820450060966,-0.5,-0.01324522675002068,10.70456,-1.0480642495690462,0,False,50065,G202605261017,B202605261017,-0.06947124353998177,14.357704758751783,-0.035951076354904576,15.015370832094582,
B202605261007,50045,S013,1,490.0,29.0,24.578125,25.364532,sipm_temperature,5.768320995793772,5.866750683293772,0.0225260333333333,paired,LSC11391,Treated,1.0,False,2026-05-26 10:07:00+00:00,-0.0215,2026-05-26,5.866750683293772,2026-05-26,0,0.0,G202605261007,2026-05-26 10:07:00,,0.009040495769386148,0.0,0.0,4.578125,0.04138851969422096,0,False,50045,G202605261007,B202605261007,0.3060739565073568,1.042583609808241,0.18367265485449352,15.015370832094582,
B202605261007,50065,S013,4,323.0,38.0,30.631561,30.631561,temperature (board),5.030437921392435,5.259016482892435,0.4175166666666666,paired,LSC11391,Treated,1.0,False,2026-05-26 10:07:00+00:00,-0.0215,2026-05-26,5.259016482892435,2026-05-26,0,0.0,G202605261007,2026-05-26 10:07:00,,-0.005057435412749278,0.0,0.0,10.631561000000001,-0.053768433094204135,0,False,50065,G202605261007,B202605261007,0.14120758761083252,14.357704758751783,0.13514918926989383,15.015370832094582,
B202605261052,50045,S017,1,583.0,29.0,25.210938,25.96878,sipm_temperature,6.023447592961033,6.135482759961033,3.015494783333333,paired,Kamonyi. EP Nyakabuye. Beside P6A classroom. Rain water tank,Source (untreated),0.0,False,2026-05-26 10:52:00+00:00,-0.0215,2026-05-26,5.866750683293772,2026-05-26,0,0.2687320766672609,G202605261052,2026-05-26 10:52:00,,0.26873207666726096,0.0,0.0,5.210937999999999,1.400346190124343,0,False,50045,G202605261052,B202605261052,0.6477799204055277,1.042583609808241,0.5027212234963943,15.015370832094582,
B202605261052,50065,S017,3,446.0,39.0,30.432648,30.432648,temperature (board),5.62040086571715,5.84470279771715,0.81835,paired,Kamonyi. EP Nyakabuye. Beside P6A classroom. Rain water tank,Source (untreated),0.0,False,2026-05-26 10:52:00+00:00,-0.0215,2026-05-26,5.259016482892435,2026-05-26,0,0.5856863148247147,G202605261052,2026-05-26 10:52:00,,0.5856863148247147,1.0,0.025975486403260736,10.432648,6.11025916098343,0,False,50065,G202605261052,B202605261052,1.1701283587517106,14.357704758751783,0.9276172024077936,15.015370832094582,
B202605261054,50045,S017,1,583.0,29.0,25.210938,25.96878,sipm_temperature,6.023447592961033,6.135482759961033,1.0154947833333334,paired,Kamonyi. EP Nyakabuye. Beside P6A classroom. Rain water tank,Source (untreated),0.0,False,2026-05-26 10:54:00+00:00,-0.0215,2026-05-26,5.866750683293772,2026-05-26,0,0.2687320766672609,G202605261052,2026-05-26 10:54:00,,0.26873207666726096,0.0,0.0,5.210937999999999,1.400346190124343,0,False,50045,G202605261052,B202605261054,0.6477799204055277,1.042583609808241,0.5027212234963943,15.015370832094582,
B202605261054,50065,S017,4,478.0,40.0,30.343277,30.343277,temperature (board),5.729672673633983,5.952053129133984,0.3077,paired,Kamonyi. EP Nyakabuye. Beside P6A classroom. Rain water tank,Source (untreated),0.0,False,2026-05-26 10:54:00+00:00,-0.0215,2026-05-26,5.259016482892435,2026-05-26,0,0.6930366462415485,G202605261052,2026-05-26 10:54:00,,0.6930366462415485,2.0,0.05129329438755048,10.343277,7.168270003227345,0,False,50065,G202605261052,B202605261054,1.4585402008777426,14.357704758751783,1.1789543638864606,15.015370832094582,
B202605261044,50045,S016,1,537.0,33.0,25.367188,26.029205,sipm_temperature,5.905361848054571,6.02075639005457,-0.98359375,paired,Kamonyi. EP Nyakabuye. Beside P6A classroom. Rain water tank,Source (untreated),33.0,False,2026-05-26 10:44:00+00:00,-0.0215,2026-05-26,5.866750683293772,2026-05-26,0,0.154005706760798,G202605261044,2026-05-26 10:44:00,,0.15400570676079806,4.0,0.12921173148000625,5.367187999999999,0.826577581258074,0,False,50045,G202605261044,B202605261044,0.9648467834854744,1.042583609808241,1.020904693860692,15.015370832094582,
B202605261044,50065,S016,4,416.5,38.0,30.9374695,30.9374695,temperature (board),5.506453944960415,5.741609539210415,0.3376,paired,Kamonyi. EP Nyakabuye. Beside P6A classroom. Rain water tank,Source (untreated),33.0,False,2026-05-26 10:44:00+00:00,-0.0215,2026-05-26,5.259016482892435,2026-05-26,0,0.4825930563179801,G202605261044,2026-05-26 10:44:00,,0.4825930563179801,0.0,0.0,10.937469499999999,5.278346834389689,0,False,50065,G202605261044,B202605261044,0.8960198019701225,14.357704758751783,0.6710589746044602,15.015370832094582,
B202605261046,50045,S016,1,537.0,33.0,25.367188,26.029205,sipm_temperature,5.905361848054571,6.02075639005457,-2.98359375,paired,Kamonyi. EP Nyakabuye. Beside P6A classroom. Rain water tank,Source (untreated),33.0,False,2026-05-26 10:46:00+00:00,-0.0215,2026-05-26,5.866750683293772,2026-05-26,0,0.154005706760798,G202605261044,2026-05-26 10:46:00,,0.15400570676079806,4.0,0.12921173148000625,5.367187999999999,0.826577581258074,0,False,50045,G202605261044,B202605261046,0.9648467834854744,1.042583609808241,1.020904693860692,15.015370832094582,
B202605261046,50065,S016,4,451.5,38.0,30.7713015,30.7713015,temperature (board),5.63967635908274,5.87125934133274,0.3242583333333332,paired,Kamonyi. EP Nyakabuye. Beside P6A classroom. Rain water tank,Source (untreated),33.0,False,2026-05-26 10:46:00+00:00,-0.0215,2026-05-26,5.259016482892435,2026-05-26,0,0.6122428584403048,G202605261044,2026-05-26 10:46:00,,0.6122428584403048,0.0,0.0,10.7713015,6.594652419482343,0,False,50065,G202605261044,B202605261046,1.0905003297076843,14.357704758751783,0.8172999639327658,15.015370832094582,
B202605270836,50065,S018,4,327.5,38.0,33.87059,33.87059,temperature (board),5.059420419187637,5.36079268878427,0.2443666666666666,paired,LSC11525,Treated,0.0,False,2026-05-27 08:36:00+00:00,-0.0215,2026-05-27,5.474759820957615,2026-05-27,0,-0.1139671321733457,G202605270836,2026-05-27 08:36:00,,-0.18180863827480565,0.0,0.0,13.87059,-2.5217930799681363,0,False,50065,G202605270836,B202605270836,-0.10965281233704555,9.196732323179463,-0.06835270675258087,5.903699652085058,
B202605270845,50045,S019,1,475.0,29.0,26.585938,28.161697,sipm_temperature,5.720311776607412,5.861909443607412,-1.21627605,paired,LSC11517,Treated,0.0,False,2026-05-27 08:45:00+00:00,-0.0215,2026-05-27,5.8904838564454645,2026-05-27,0,-0.0285744128380525,G202605270845,2026-05-27 08:45:00,,-0.05714882567610502,0.0,0.0,6.585937999999999,-0.37637862267563565,0,False,50045,G202605270845,B202605270845,0.192657111155756,1.1741708308764716,0.09964591008197538,5.903699652085058,
B202605270845,50065,S019,4,364.0,38.0,33.10771149999999,33.10771149999999,temperature (board),5.267858159063328,5.547265311313328,0.2190166666666666,paired,LSC11517,Treated,0.0,False,2026-05-27 08:45:00+00:00,-0.0215,2026-05-27,5.474759820957615,2026-05-27,0,0.0725054903557129,G202605270845,2026-05-27 08:45:00,,0.14034699645717374,0.0,0.0,13.107711499999994,1.8396279394521546,0,False,50065,G202605270845,B202605270845,0.3369992818093379,9.196732323179463,0.30084900922062574,5.903699652085058,
B202605270853,50065,S020,4,343.5,38.0,31.662552,31.662552,temperature (board),5.156173446856155,5.406918314856155,0.2223,paired,LSC15487,Treated,0.0,False,2026-05-27 08:53:00+00:00,-0.0215,2026-05-27,5.474759820957615,2026-05-27,0,-0.0678415061014607,G202605270853,2026-05-27 08:53:00,,-0.13568301220292067,0.0,0.0,11.662552000000002,-1.582410185333197,0,False,50065,G202605270853,B202605270853,-0.05108742742708822,9.196732323179463,-0.017713817144286437,5.903699652085058,
B202605270903,50045,S021,1,457.0,29.0,25.632812,27.091675,sipm_temperature,5.659482215759621,5.780587673759621,-1.2448567833333333,paired,LSC15484,Treated,0.0,False,2026-05-27 09:03:00+00:00,-0.0215,2026-05-27,5.8904838564454645,2026-05-27,0,-0.1098961826858433,G202605270903,2026-05-27 09:03:00,,-0.13847059552389585,0.0,0.0,5.632812000000001,-0.779978832114147,0,False,50045,G202605270903,B202605270903,0.08895265743593567,1.1741708308764716,-0.02369131014828385,5.903699652085058,
B202605270903,50065,S021,3,371.0,38.0,31.130066,31.130066,temperature (board),5.303304908059076,5.542601327059075,-0.3023999999999999,paired,LSC15484,Treated,0.0,False,2026-05-27 09:03:00+00:00,-0.0215,2026-05-27,5.474759820957615,2026-05-27,0,0.0678415061014598,G202605270903,2026-05-27 09:03:00,,0.13568301220292067,0.0,0.0,11.130066,1.5101608808973124,0,False,50065,G202605270903,B202605270903,0.35401101933534135,9.196732323179463,0.3244865851622513,5.903699652085058,
B202605270920,50045,S023,1,841.0,29.0,24.132812,24.974289,sipm_temperature,6.508769136971682,6.597624594971682,-0.2515625,paired,LSC11469,Treated,0.0,False,2026-05-27 09:20:00+00:00,-0.0215,2026-05-27,5.8904838564454645,2026-05-27,0,0.7071407385262178,G202605270920,2026-05-27 09:20:00,,0.7357151513642703,0.0,0.0,4.132812000000001,3.0405724061400736,0,False,50045,G202605270920,B202605270920,1.4308034185334562,1.1741708308764716,1.415252298088796,5.903699652085058,
B202605270920,50065,S023,4,590.0,36.5,29.7339935,29.7339935,temperature (board),6.040243373280385,6.249524233530384,0.1127666666666666,paired,LSC11469,Treated,0.0,False,2026-05-27 09:20:00+00:00,-0.0215,2026-05-27,5.474759820957615,2026-05-27,0,0.7747644125727682,G202605270920,2026-05-27 09:20:00,,0.8426059186742298,-1.5,-0.04027389913793996,9.7339935,8.201920535436482,0,False,50065,G202605270920,B202605270920,1.274915580264304,9.196732323179463,1.0934639142403388,5.903699652085058,
B202605270930,50045,S024,1,511.0,29.0,24.054688,24.73259,sipm_temperature,5.831882477283517,5.919058269283517,1.73847655,paired,LSC11558,Treated,0.0,False,2026-05-27 09:30:00+00:00,-0.0215,2026-05-27,5.8904838564454645,2026-05-27,0,0.0285744128380525,G202605270930,2026-05-27 09:30:00,,0.05714882567610502,0.0,0.0,4.054687999999999,0.23172065768299482,0,False,50045,G202605270930,B202605270930,0.4048223501752298,1.1741708308764716,0.2986232586042036,5.903699652085058,
B202605270930,50065,S024,4,328.5,37.0,29.1222075,29.1222075,temperature (board),5.065749617623599,5.261877078873599,0.1935499999999999,paired,LSC11558,Treated,0.0,False,2026-05-27 09:30:00+00:00,-0.0215,2026-05-27,5.474759820957615,2026-05-27,0,-0.212882742084016,G202605270930,2026-05-27 09:30:00,,-0.2807242481854759,-1.0,-0.026668247082161294,9.122207499999998,-2.5608248422294095,0,False,50065,G202605270930,B202605270930,-0.42229493481254154,9.196732323179463,-0.3482879389609119,5.903699652085058,
B202605270939,50045,S025,1,549.0,29.0,24.882812,25.132904,sipm_temperature,5.937536205082426,6.042516663082426,-1.2611328166666669,paired,Kamonyi. EP Nyakabungo. Near new kitchen. Spring water tap,Source (untreated),0.0,False,2026-05-27 09:39:00+00:00,-0.0215,2026-05-27,5.8904838564454645,2026-05-27,0,0.1520328066369618,G202605270939,2026-05-27 09:39:00,,0.15203280663696184,0.0,0.0,4.882812000000001,0.7423476126406371,0,False,50045,G202605270939,B202605270939,0.529232133602342,1.1741708308764716,0.44238806796050106,5.903699652085058,
B202605270939,50065,S025,4,340.5,37.0,29.694977,29.694977,temperature (board),5.138730996776461,5.347173002276461,0.1776083333333333,paired,Kamonyi. EP Nyakabungo. Near new kitchen. Spring water tap,Source (untreated),0.0,False,2026-05-27 09:39:00+00:00,-0.0215,2026-05-27,5.474759820957615,2026-05-27,0,-0.1275868186811539,G202605270939,2026-05-27 09:39:00,,-0.12758681868115396,-1.0,-0.026668247082161294,9.694977000000002,-1.2369512726169583,0,False,50065,G202605270939,B202605270939,-0.1767567915570731,9.196732323179463,-0.1382712453529318,5.903699652085058,
B202605270954,50045,S026,1,471.0,29.0,27.492188,28.121414,sipm_temperature,5.707110264748875,5.868192306748876,1.7327473833333331,paired,Kamonyi. EP Nyakabungo. Behind P3A classroom. Rain water tank,Source (untreated),0.0,False,2026-05-27 09:54:00+00:00,-0.0215,2026-05-27,5.8904838564454645,2026-05-27,0,-0.0222915496965887,G202605270954,2026-05-27 09:54:00,,-0.022291549696588753,0.0,0.0,7.492187999999999,-0.16701248113818587,0,False,50045,G202605270954,B202605270954,0.2269134632430324,1.1741708308764716,0.1469261140828254,5.903699652085058,
B202605270954,50065,S026,4,345.0,38.0,30.8971705,30.8971705,temperature (board),5.1647859739235145,5.399075139673514,0.151625,paired,Kamonyi. EP Nyakabungo. Behind P3A classroom. Rain water tank,Source (untreated),0.0,False,2026-05-27 09:54:00+00:00,-0.0215,2026-05-27,5.474759820957615,2026-05-27,0,-0.075684681284101,G202605270954,2026-05-27 09:54:00,,-0.075684681284101,0.0,0.0,10.897170500000001,-0.8247488761910076,0,False,50065,G202605270954,B202605270954,0.03799503300197371,9.196732323179463,0.05854135980795894,5.903699652085058,
B202605280814,50045,S027,1,559.0,29.0,27.28125,28.370667,sipm_temperature,5.963579343618446,6.120126218618446,2.7386718666666665,paired,Fake.Kicukiro.Amazi Meza warehouse.Kagina. Spring water,Source (untreated),0.0,False,2026-05-28 08:14:00+00:00,-0.0215,2026-05-28,5.8904838564454645,2026-05-27,1,0.2296423621729815,G202605280814,2026-05-28 08:14:00,,0.2296423621729815,0.0,0.0,7.28125,1.6720834495720216,1,False,50045,G202605280814,B202605280814,0.5205201818786659,1.0006625448100517,0.4227723532444687,3.793475837034604,
B202605280814,50065,S027,3,379.0,36.0,31.485077,31.485077,temperature (board),5.342334251964811,5.589263407464811,0.48035,paired,Fake.Kicukiro.Amazi Meza warehouse.Kagina. Spring water,Source (untreated),0.0,False,2026-05-28 08:14:00+00:00,-0.0215,2026-05-28,5.474759820957615,2026-05-27,1,0.1145035865071957,G202605280814,2026-05-28 08:14:00,,0.14551115683634475,-2.3333333333333357,-0.06280090123903047,11.485077,1.6712068406244958,1,False,50065,G202605280814,B202605280814,0.04678724763572342,8.235753175291656,-0.053455078105933654,3.793475837034604,
B202605280903,50065,S029,4,337.5,36.0,31.64621,31.64621,temperature (board),5.120978895910007,5.372698444910007,-0.0407916666666666,paired,Fake.Kicukiro. Amazi Meza warehouse.Kanengwa. Spring water,Source (untreated),0.0,False,2026-05-28 09:03:00+00:00,-0.0215,2026-05-28,5.474759820957615,2026-05-27,1,-0.1020613760476081,G202605280903,2026-05-28 09:03:00,,-0.0710538057184591,-2.3333333333333357,-0.06280090123903047,11.64621,-0.8275075426963755,1,False,50065,G202605280903,B202605280903,-0.31991652846137786,8.235753175291656,-0.2831864348733081,3.793475837034604,
B202605280911,50045,S030,1,551.0,29.0,25.703125,26.565475,sipm_temperature,5.942799375126701,6.065416562626702,-0.2705078166666667,paired,Fake.Kicukiro.Amazi Meza warehouse.Iriba.Spring water,Source (untreated),5.0,False,2026-05-28 09:11:00+00:00,-0.0215,2026-05-28,5.8904838564454645,2026-05-27,1,0.1749327061812371,G202605280911,2026-05-28 09:11:00,,0.17493270618123713,0.0,0.0,5.703125,0.997663089939868,1,False,50045,G202605280911,B202605280911,0.4863444437653124,1.0006625448100517,0.3768192696207432,3.793475837034604,
B202605280911,50065,S030,4,336.5,36.0,31.892914,31.892914,temperature (board),5.11499080038665,5.37068845138665,-0.0467583333333333,paired,Fake.Kicukiro.Amazi Meza warehouse.Iriba.Spring water,Source (untreated),5.0,False,2026-05-28 09:11:00+00:00,-0.0215,2026-05-28,5.474759820957615,2026-05-27,1,-0.1040713695709651,G202605280911,2026-05-28 09:11:00,,-0.07306379924181616,-2.3333333333333357,-0.06280090123903047,11.892914000000001,-0.868941480896185,1,False,50065,G202605280911,B202605280911,-0.326819937680853,8.235753175291656,-0.2867440796360529,3.793475837034604,
B202605280952,50045,S031,1,534.0,31.0,25.882812,26.839905,sipm_temperature,5.8971538676367405,6.02363432563674,0.7167317666666667,paired,Fake.Kicukiro.Amazi Meza warehouse.Inindi House.Rainwater tank,Source (untreated),0.0,False,2026-05-28 09:52:00+00:00,-0.0215,2026-05-28,5.8904838564454645,2026-05-27,1,0.1331504691912757,G202605280952,2026-05-28 09:52:00,,0.1331504691912757,2.0,0.06669137449867214,5.882812000000001,0.7832991779640672,1,False,50045,G202605280952,B202605280952,0.6788374115201545,1.0006625448100517,0.6903067218309636,3.793475837034604,
B202605280952,50065,S031,4,417.0,39.0,29.898895,29.898895,temperature (board),5.5093883366279774,5.722214579127978,-0.127525,paired,Fake.Kicukiro.Amazi Meza warehouse.Inindi House.Rainwater tank,Source (untreated),0.0,False,2026-05-28 09:52:00+00:00,-0.0215,2026-05-28,5.474759820957615,2026-05-27,1,0.2474547581703623,G202605280952,2026-05-28 09:52:00,,0.27846232849951136,0.6666666666666643,0.017241806434505954,9.898895,2.7564693512721705,1,False,50065,G202605280952,B202605280952,0.681036375434274,8.235753175291656,0.5413028688100809,3.793475837034604,
B202605290843,50045,S032,1,660.0,31.0,27.851562,29.186401,sipm_temperature,6.194405391104672,6.363213974104672,0.9722656166666668,paired,Fake.Kicukiro.Amazi Meza warehouse.Nyirakanamba I.Water Stream,Source (untreated),100.0,True,2026-05-29 08:43:00+00:00,-0.0215,2026-05-29,5.8904838564454645,2026-05-27,2,0.4727301176592071,G202605290843,2026-05-29 08:43:00,,0.47273011765920714,2.0,0.06669137449867214,7.851562000000001,3.7116698280685605,2,True,50045,G202605290843,B202605290843,0.8416899852668068,0.8887675490060065,0.8410750906011311,2.342918910907242,
B202605290843,50065,S032,4,383.0,39.0,33.931,33.931,temperature (board),5.3612921657094255,5.663150590365638,-0.3976666666666666,paired,Fake.Kicukiro.Amazi Meza warehouse.Nyirakanamba I.Water Stream,Source (untreated),100.0,True,2026-05-29 08:43:00+00:00,-0.0215,2026-05-29,5.474759820957615,2026-05-27,2,0.1883907694080226,G202605290843,2026-05-29 08:43:00,,0.25040591006632074,0.3333333333333357,0.008583743691391435,13.930999999999997,3.4884047331339136,2,True,50065,G202605290843,B202605290843,0.5592202287487795,3.7376696063506203,0.36174305532492224,2.342918910907242,
B202605290854,50065,S033,4,632.0,49.0,33.516846,33.516846,temperature (board),6.135564891081739,6.426312239831739,-0.4818083333333333,paired,Fake.Kicukiro.Amazi Meza wahehouse.Nyirakanamba II. Water pipe,Source (untreated),100.0,True,2026-05-29 08:54:00+00:00,-0.0215,2026-05-29,5.474759820957615,2026-05-27,2,0.9515524188741232,G202605290854,2026-05-29 08:54:00,,1.0135675595324214,10.333333333333336,0.23684239567237178,13.516846000000001,13.700236612795573,2,True,50065,G202605290854,B202605290854,2.0043213737826426,3.7376696063506203,1.9590474941266054,2.342918910907242,
B202605290901,50045,S034,1,769.0,38.0,26.054688,27.24022,sipm_temperature,6.395261598115449,6.525437390115449,0.9660156166666668,paired,Fake.Kicukiro.Amazi Meza wahehouse.Nyirakanamba II. Water pipe,Source (untreated),100.0,True,2026-05-29 09:01:00+00:00,-0.0215,2026-05-29,5.8904838564454645,2026-05-27,2,0.634953533669985,G202605290901,2026-05-29 09:01:00,,0.634953533669985,9.0,0.2702903297399117,6.054687999999999,3.8444455408692533,2,True,50045,G202605290901,B202605290901,1.5467842616694671,0.8887675490060065,1.8468068787478593,2.342918910907242,
B202605290901,50065,S034,4,661.5,47.0,32.878614999999996,32.878614999999996,temperature (board),6.197461422143414,6.47438766829849,-0.4921083333333333,paired,Fake.Kicukiro.Amazi Meza wahehouse.Nyirakanamba II. Water pipe,Source (untreated),100.0,True,2026-05-29 09:01:00+00:00,-0.0215,2026-05-29,5.474759820957615,2026-05-27,2,0.9996278473408752,G202605290901,2026-05-29 09:01:00,,1.0616429879991731,8.333333333333336,0.19516969927180375,12.878614999999996,13.672491309890967,2,True,50065,G202605290901,B202605290901,2.0043213737826426,3.7376696063506203,1.8280290330178843,2.342918910907242,
B202605290928,50045,S035,1,657.0,40.0,26.40625,27.104263,sipm_temperature,6.18826412308259,6.32599849808259,-2.046614583333333,paired,Fake.Kicukiro.Amazi Meza warehouse.Kabeza.Stream Water,Source (untreated),100.0,True,2026-05-29 09:28:00+00:00,-0.0215,2026-05-29,5.8904838564454645,2026-05-27,2,0.4355146416371251,G202605290928,2026-05-29 09:28:00,,0.43551464163712517,11.0,0.32158362412746233,6.40625,2.790015672987833,2,True,50045,G202605290928,B202605290928,1.4841109659525278,0.8887675490060065,1.8967968686660281,2.342918910907242,
B202605290928,50065,S035,4,516.0,49.0,30.065094,30.065094,temperature (board),5.846434598489109,6.062834119489109,-0.4591,paired,Fake.Kicukiro.Amazi Meza warehouse.Kabeza.Stream Water,Source (untreated),100.0,True,2026-05-29 09:28:00+00:00,-0.0215,2026-05-29,5.474759820957615,2026-05-27,2,0.5880742985314935,G202605290928,2026-05-29 09:28:00,,0.6500894391897916,10.333333333333336,0.23684239567237178,10.065093999999998,6.5432113138525345,2,True,50065,G202605290928,B202605290928,2.0043213737826426,3.7376696063506203,1.68594197907378,2.342918910907242,
B202605290936,50045,S036,1,634.0,38.0,26.226562,27.023697,sipm_temperature,6.139884552226255,6.273755635226255,1.9518229166666667,paired,Fake.Kicukiro.Amazi Meza warehouse.Kabeza.Stream Water,Source (untreated),100.0,True,2026-05-29 09:36:00+00:00,-0.0215,2026-05-29,5.8904838564454645,2026-05-27,2,0.3832717787807906,G202605290936,2026-05-29 09:36:00,,0.38327177878079066,9.0,0.2702903297399117,6.226562000000001,2.386465493428878,2,True,50045,G202605290936,B202605290936,1.3092900351889893,0.8887675490060065,1.6393363476557419,2.342918910907242,
B202605290936,50065,S036,4,498.5,45.0,31.9923705,31.9923705,temperature (board),5.794535679574758,6.052371645324758,-0.4622,paired,Fake.Kicukiro.Amazi Meza warehouse.Kabeza.Stream Water,Source (untreated),100.0,True,2026-05-29 09:36:00+00:00,-0.0215,2026-05-29,5.474759820957615,2026-05-27,2,0.5776118243671426,G202605290936,2026-05-29 09:36:00,,0.6396269650254407,6.333333333333336,0.15168458733206494,11.9923705,7.670643546375627,2,True,50065,G202605290936,B202605290936,1.7382806430039328,3.7376696063506203,1.3028840088037514,2.342918910907242,
B202605290948,50045,S037,1,718.0,46.0,26.03125,27.018661,sipm_temperature,6.306275286948016,6.4359471619480155,1.9463541666666664,paired,Fake.Kicukiro.Amazi Meza warehouse.Sahara.Stream water,Source (untreated),100.0,True,2026-05-29 09:48:00+00:00,-0.0215,2026-05-29,5.8904838564454645,2026-05-27,2,0.5454633055025511,G202605290948,2026-05-29 09:48:00,,0.5454633055025511,17.0,0.461345566502621,6.03125,3.289825561312261,2,True,50045,G202605290948,B202605290948,1.9485848699968966,0.8887675490060065,2.0043213737826426,2.342918910907242,
B202605290948,50065,S037,4,642.0,54.0,32.251709000000005,32.251709000000005,temperature (board),6.156978985585555,6.420390729085556,0.4853166666666667,paired,Fake.Kicukiro.Amazi Meza warehouse.Sahara.Stream water,Source (untreated),100.0,True,2026-05-29 09:48:00+00:00,-0.0215,2026-05-29,5.474759820957615,2026-05-27,2,0.9456309081279404,G202605290948,2026-05-29 09:48:00,,1.0076460487862384,15.333333333333336,0.3340061441260194,12.251709000000005,12.345386164728803,2,True,50065,G202605290948,B202605290948,2.0043213737826426,3.7376696063506203,2.0043213737826426,2.342918910907242,
B202605301205,50045,S041,1,810.0,48.0,28.203125,29.103317,sipm_temperature,6.461468176353717,6.637835363853718,-0.5496093833333333,paired,Fake.Kicukiro.Amazi Meza wahehouse.Nyirakanamba II. Water pipe,Source (untreated),100.0,True,2026-05-30 13:05:00+00:00,-0.0215,2026-05-30,5.8904838564454645,2026-05-27,3,0.7473515074082533,G202605301205,2026-05-30 12:05:00,,0.7473515074082533,19.0,0.5039051809214169,8.203125,6.130617834208328,3,True,50045,G202605301205,B202605301205,2.0043213737826426,3.2547920680555573,2.0043213737826426,2.336273964873958,
B202605301205,50065,S041,4,729.5,53.0,33.31543,33.31543,temperature (board),6.327039933952003,6.613321678952003,-0.4586833333333334,paired,Fake.Kicukiro.Amazi Meza wahehouse.Nyirakanamba II. Water pipe,Source (untreated),100.0,True,2026-05-30 13:05:00+00:00,-0.0215,2026-05-30,5.381737109970168,"2026-05-27,2026-06-02",3,1.2315845689818348,G202605301205,2026-05-30 12:05:00,,1.2315845689818348,14.0,0.30673026742247544,13.31543,16.399078117357792,3,True,50065,G202605301205,B202605301205,2.0043213737826426,2.7958198049524774,2.0043213737826426,2.336273964873958,
B202605301221,50045,S042,1,577.0,35.0,28.914062,30.596313,sipm_temperature,6.008813185442595,6.200465518442595,0.0386067666666666,paired,Fake.Kicukiro.Amazi Meza warehouse.Nyirakanamba I.Water Stream,Source (untreated),100.0,True,2026-05-30 13:21:00+00:00,-0.0215,2026-05-30,5.8904838564454645,2026-05-27,3,0.3099816619971305,G202605301221,2026-05-30 12:21:00,,0.3099816619971305,6.0,0.18805223150293962,8.914062000000001,2.7631957539054657,3,True,50045,G202605301221,B202605301221,1.1566666500254175,3.2547920680555573,1.3294681583203487,2.336273964873958,
B202605301221,50065,S042,4,395.5,39.0,30.75241,30.75241,temperature (board),5.418317700738353,5.649494515738354,-0.3758916666666666,paired,Fake.Kicukiro.Amazi Meza warehouse.Nyirakanamba I.Water Stream,Source (untreated),100.0,True,2026-05-30 13:21:00+00:00,-0.0215,2026-05-30,5.381737109970168,"2026-05-27,2026-06-02",3,0.2677574057681857,G202605301221,2026-05-30 12:21:00,,0.26775740576818574,0.0,0.0,10.752410000000001,2.879037407355898,3,True,50065,G202605301221,B202605301221,0.5074708208482621,2.7958198049524774,0.3799116592344457,2.336273964873958,
B202605301228,50045,S043,1,554.0,35.0,27.664062,29.163742,sipm_temperature,5.950642552587727,6.115419885587727,-0.9638672,paired,Fake.Kicukiro.Amazi Meza warehouse.Nyirakanamba I.Water Stream,Source (untreated),100.0,True,2026-05-30 13:28:00+00:00,-0.0215,2026-05-30,5.8904838564454645,2026-05-27,3,0.2249360291422624,G202605301228,2026-05-30 12:28:00,,0.2249360291422624,6.0,0.18805223150293962,7.664062000000001,1.7239236733801062,3,True,50045,G202605301228,B202605301228,1.0944908712441765,3.2547920680555573,1.2596358026018146,2.336273964873958,
B202605301228,50065,S043,3,416.0,39.0,33.31543,33.31543,temperature (board),5.5053315359323625,5.791613280932363,0.1084333333333333,paired,Fake.Kicukiro.Amazi Meza warehouse.Nyirakanamba I.Water Stream,Source (untreated),100.0,True,2026-05-30 13:28:00+00:00,-0.0215,2026-05-30,5.381737109970168,"2026-05-27,2026-06-02",3,0.4098761709621943,G202605301228,2026-05-30 12:28:00,,0.4098761709621943,0.0,0.0,13.31543,5.457677463115131,3,True,50065,G202605301228,B202605301228,0.7483688102338831,2.7958198049524774,0.484554749855587,2.336273964873958,
B202605301304,50045,P50045-05301403,1,698.0,42.0,27.078125,27.970352,sipm_temperature,6.269096283706261,6.421275971206262,-0.9759114666666666,paired (partner soak),Fake.Kicukiro.Amazi Meza warehouse.Kabeza.Stream Water,Source (untreated),100.0,True,2026-05-30 14:04:00+00:00,-0.0215,2026-05-30,5.8904838564454645,2026-05-27,3,0.5307921147607972,G202605301304,2026-05-30 13:04:00,,0.5307921147607972,13.0,0.37037378829689427,7.078125,3.757012937291268,3,True,50045,G202605301304,B202605301304,2.0043213737826426,3.2547920680555573,2.0043213737826426,2.336273964873958,
B202605301326,50045,S044,1,763.0,47.0,26.421875,27.06398,sipm_temperature,6.385194398997726,6.523264711497726,1.0139322833333333,paired,Fake.Kicukiro.Amazi Meza warehouse.Sahara.Stream water,Source (untreated),100.0,True,2026-05-30 14:26:00+00:00,-0.0215,2026-05-30,5.8904838564454645,2026-05-27,3,0.6327808550522613,G202605301326,2026-05-30 13:26:00,,0.6327808550522613,18.0,0.4828517717235845,6.421875,4.06363955353874,3,True,50045,G202605301326,B202605301326,2.0043213737826426,3.2547920680555573,2.0043213737826426,2.336273964873958,
B202605301326,50065,S044,4,746.5,53.0,29.491058,29.491058,temperature (board),6.356971954734864,6.565252733664194,0.0805666666666666,paired,Fake.Kicukiro.Amazi Meza warehouse.Sahara.Stream water,Source (untreated),100.0,True,2026-05-30 14:26:00+00:00,-0.0215,2026-05-30,5.381737109970168,"2026-05-27,2026-06-02",3,1.183515623694026,G202605301326,2026-05-30 13:26:00,,1.183515623694026,14.0,0.30673026742247544,9.491057999999999,11.232815428386175,3,True,50065,G202605301326,B202605301326,2.0043213737826426,2.7958198049524774,2.0043213737826426,2.336273964873958,
B202605301333,50045,S045,1,754.0,47.0,26.585938,27.131958,sipm_temperature,6.369900982828227,6.511498649828227,0.0158203,paired,Fake.Kicukiro.Amazi Meza warehouse.Sahara.Stream water,Source (untreated),100.0,True,2026-05-30 14:33:00+00:00,-0.0215,2026-05-30,5.8904838564454645,2026-05-27,3,0.6210147933827628,G202605301333,2026-05-30 13:33:00,,0.6210147933827628,18.0,0.4828517717235845,6.585937999999999,4.089964926301685,3,True,50045,G202605301333,B202605301333,2.0043213737826426,3.2547920680555573,2.0043213737826426,2.336273964873958,
B202605301333,50065,S045,4,705.5,53.5,31.0306095,31.0306095,temperature (board),6.2832004539834045,6.520358558233404,0.07965,paired,Fake.Kicukiro.Amazi Meza warehouse.Sahara.Stream water,Source (untreated),100.0,True,2026-05-30 14:33:00+00:00,-0.0215,2026-05-30,5.381737109970168,"2026-05-27,2026-06-02",3,1.138621448263236,G202605301333,2026-05-30 13:33:00,,1.138621448263236,14.5,0.31612000777231447,11.0306095,12.55968856411621,3,True,50065,G202605301333,B202605301333,2.0043213737826426,2.7958198049524774,2.0043213737826426,2.336273964873958,
B202606021035,50065,S060,3,506.0,48.0,41.719513,41.719513,temperature (board),5.817111159963204,6.284080689463204,0.0461666666666666,paired,,Source (untreated),100.0,True,2026-06-02 10:35:00+00:00,-0.0215,2026-06-02,5.288714398982721,2026-06-02,0,0.995366290480483,G202606021035,2026-06-02 10:35:00,0.0,0.995366290480483,8.0,0.1823215567939546,21.719513,21.618871085852625,0,True,50065,G202606021035,B202606021035,2.0043213737826426,7.590494730831178,1.6479981161566177,3.63116389329751,0.0
B202606040845,50053,S067,1,788.0,32.0,34.75,35.38498,sipm_temperature,6.42648845745769,6.74361345745769,2.7200520833333335,paired,,Treated,0.0,False,2026-06-04 08:45:00+00:00,-0.0215,2026-06-04,6.74361345745769,2026-06-04,0,0.0,G202606040845,2026-06-04 08:45:00,0.2,-0.00324193962084518,0.0,0.0,14.75,-0.047818609407466406,0,False,50053,G202606040845,B202606040845,0.1480411846418273,16.165279712650197,0.1385737852687602,4.004779122780377,0.2
B202606040845,50065,S067,4,257.5,39.0,37.822113,37.822113,temperature (board),4.471622466566395,4.854797896066395,-0.170675,paired,,Treated,0.0,False,2026-06-04 08:45:00+00:00,-0.0215,2026-06-04,4.95988224406134,2026-06-04,0,-0.1050843479949454,G202606040845,2026-06-04 08:45:00,0.2,-0.1591538446952283,0.0,0.0,17.822113,-2.83645780454281,0,False,50065,G202606040845,B202606040845,-0.4797106841131259,8.663025866867024,-0.02755816956445528,4.004779122780377,0.2
B202606040902,50053,S068,1,754.0,32.0,35.515625,35.66696,sipm_temperature,6.369900982828227,6.703486920328227,-2.27734375,paired,,Treated,0.0,False,2026-06-04 09:02:00+00:00,-0.0215,2026-06-04,6.74361345745769,2026-06-04,0,-0.0401265371294634,G202606040902,2026-06-04 09:02:00,0.2,-0.047982974360953,0.0,0.0,15.515625,-0.7444858365691615,0,False,50053,G202606040902,B202606040902,0.11022745741950096,16.165279712650197,0.09016816593432311,4.004779122780377,0.2
B202606040902,50065,S068,3,253.0,39.0,38.859406,38.859406,temperature (board),4.418840607796598,4.824317836796598,0.3057666666666667,paired,,Treated,0.0,False,2026-06-04 09:02:00+00:00,-0.0215,2026-06-04,4.95988224406134,2026-06-04,0,-0.1355644072647424,G202606040902,2026-06-04 09:02:00,0.2,-0.18963390396502522,0.0,0.0,18.859406,-3.5763827862414206,0,False,50065,G202606040902,B202606040902,-0.6873055149896754,8.663025866867024,-0.05941532908793806,4.004779122780377,0.2
B202606040954,50053,S069,1,398.0,343.0,34.09375,34.788284,sipm_temperature,5.429345628954441,5.732361253954441,-0.25996095,paired,,Source (untreated),100.0,True,2026-06-04 09:54:00+00:00,-0.0215,2026-06-04,6.74361345745769,2026-06-04,0,-1.0112522035032496,G202606040954,2026-06-04 09:54:00,0.0,-1.0112522035032496,311.0,2.3719945443662134,14.09375,-14.252335743123924,0,True,50053,G202606040954,B202606040954,2.0043213737826426,16.165279712650197,2.0043213737826426,4.004779122780377,0.0
B202606040954,50065,S069,2,289.0,341.0,36.804962,36.804962,temperature (board),4.774013078831528,5.1353197618315285,0.7223416666666667,paired,,Source (untreated),100.0,True,2026-06-04 09:54:00+00:00,-0.0215,2026-06-04,4.95988224406134,2026-06-04,0,0.1754375177701881,G202606040954,2026-06-04 09:54:00,0.0,0.17543751777018812,302.0,2.16832083115387,16.804962000000003,2.9482208195023367,0,True,50065,G202606040954,B202606040954,2.0043213737826426,8.663025866867024,2.0043213737826426,4.004779122780377,0.0
B202606040956,50065,S069,4,332.5,327.0,36.804962,36.804962,temperature (board),5.07152774113224,5.43283442413224,-0.3052583333333333,paired,,Source (untreated),100.0,True,2026-06-04 09:56:00+00:00,-0.0215,2026-06-04,4.95988224406134,2026-06-04,0,0.4729521800708998,G202606040954,2026-06-04 09:56:00,0.0,0.4729521800708998,288.0,2.126398524767607,16.804962000000003,7.94794341390863,0,True,50065,G202606040954,B202606040956,2.0043213737826426,8.663025866867024,2.0043213737826426,4.004779122780377,0.0
B202606040958,50065,S069,4,439.5,313.5,37.304718,37.304718,temperature (board),5.593943802987339,5.96599523998734,-0.3563166666666667,paired,,Source (untreated),100.0,True,2026-06-04 09:58:00+00:00,-0.0215,2026-06-04,4.95988224406134,2026-06-04,0,1.0061129959259991,G202606040954,2026-06-04 09:58:00,0.0,1.0061129959259993,274.5,2.084237713943329,17.304718,17.41050167063457,0,True,50065,G202606040954,B202606040958,2.0043213737826426,8.663025866867024,2.0043213737826426,4.004779122780377,0.0
B202606020748,50065,S052,4,310.0,40.0,32.950348,32.950348,temperature (board),4.94161691175443,5.230725955989715,-0.1109166666666666,paired,Turkana.Loima.Turkwel.Lorgum.100m near church.Concrete fixed public stand Tap 2,Treated,0.0,False,2026-06-02 07:48:00+00:00,-0.0215,2026-06-02,5.288714398982721,2026-06-02,0,-0.0579884429930066,G202606020748,2026-06-02 07:48:00,0.25,-0.10241315079670432,0.0,0.0,12.950347999999998,-1.326285942593798,0,False,50065,G202606020748,B202606020748,-0.045643404405294685,7.590494730831178,0.04799842005158178,3.63116389329751,0.25
B202606020800,50065,S053,4,324.5,39.0,37.528793,37.528793,temperature (board),5.040146964320986,5.4170160138209855,-0.1412583333333333,paired,Turkana.Loima.Turkwel.Lorgum.100m near church.Concrete fixed public stand Tap 2,Treated,0.0,False,2026-06-02 08:00:00+00:00,-0.0215,2026-06-02,5.288714398982721,2026-06-02,0,0.1283016148382643,G202606020800,2026-06-02 08:00:00,0.25,0.17272632264196197,-1.0,-0.025317807984289897,17.528793,3.0276839552421646,0,False,50065,G202606020800,B202606020800,0.357468087121542,7.590494730831178,0.13336250116916004,3.63116389329751,0.25
B202606020818,50065,S054,4,262.5,44.0,36.103775,36.103775,temperature (board),4.527194035101148,4.880949670851148,-0.1368499999999999,paired,Turkana.Loima.Turkwel.Lorgum.Aqutab inline chlorine unit,Treated,0.0,False,2026-06-02 08:18:00+00:00,-0.0215,2026-06-02,5.288714398982721,2026-06-02,0,-0.407764728131573,G202606020818,2026-06-02 08:18:00,25.0,-0.4521894359352707,4.0,0.09531017980432493,16.103775,-7.281956933678514,0,False,50065,G202606020818,B202606020818,-0.2988159117585608,7.590494730831178,0.25974812604043007,3.63116389329751,25.0
B202606020843,50065,S055,3,314.0,40.0,38.129272,38.129272,temperature (board),4.969813299576001,5.359592647576001,0.3079166666666666,paired,,Treated,0.0,False,2026-06-02 08:43:00+00:00,-0.0215,2026-06-02,5.288714398982721,2026-06-02,0,0.0708782485932797,G202606020843,2026-06-02 08:43:00,0.0,0.11530295639697741,0.0,0.0,18.129272,2.090358658924943,0,False,50065,G202606020843,B202606020843,0.37228613386570025,7.590494730831178,0.21620046769963314,3.63116389329751,0.0
B202606020904,50065,S056,4,301.5,39.5,37.00638,37.00638,temperature (board),4.878652521179023,5.2442896911790235,-0.2249416666666666,paired,Turkana.Loima.Turkwel.Lorgum.East of treatement.Concrete fixed Public Stand Tap 4,Treated,0.0,False,2026-06-02 09:04:00+00:00,-0.0215,2026-06-02,5.288714398982721,2026-06-02,0,-0.0444247078036976,G202606020904,2026-06-02 09:04:00,0.25,-0.08884941560739534,-0.5,-0.012578782206860073,17.00638,-1.5110069245972961,0,False,50065,G202606020904,B202606020904,-0.14560937257284468,7.590494730831178,0.00024980733973728464,3.63116389329751,0.25
B202606020916,50065,S057,4,296.5,39.5,37.348785,37.348785,temperature (board),4.840172000610959,5.213170878110959,-0.2373916666666666,paired,Turkana.Loima.Turkwel.Lorgum.Nearest to 32m3 steel tank.Concrete fixed Public Stand Tap 1,Treated,0.0,False,2026-06-02 09:16:00+00:00,-0.0215,2026-06-02,5.288714398982721,2026-06-02,0,-0.0755435208717623,G202606020916,2026-06-02 09:16:00,0.25,-0.11996822867545998,-0.5,-0.012578782206860073,17.348785,-2.0813030061213897,0,False,50065,G202606020916,B202606020916,-0.21874490689685294,7.590494730831178,-0.0232044603236376,3.63116389329751,0.25
B202606021016,50065,S058,4,315.5,40.5,39.322662,39.322662,temperature (board),4.97988668177336,5.39532391477336,-0.3302333333333334,paired,Turkana.Loima.Turkwel.Lorgum.Behind grass roof house.Concrete fixed Public Stand Tap 3,Treated,0.0,False,2026-06-02 10:16:00+00:00,-0.0215,2026-06-02,5.288714398982721,2026-06-02,0,0.1066095157906383,G202606021016,2026-06-02 10:16:00,0.25,0.15103422359433605,0.5,0.01242251999855711,19.322662,2.9183832529457807,0,False,50065,G202606021016,B202606021016,0.532405615951486,7.590494730831178,0.2961424916031774,3.63116389329751,0.25
B202606021028,50065,S059,3,311.0,40.0,38.579926,38.579926,temperature (board),4.948759890378168,5.348228299378168,0.1340333333333333,paired,Turkana.Loima.Turkwel.Lorgum.100m near church.Concrete fixed public stand Tap 2,Treated,0.0,False,2026-06-02 10:28:00+00:00,-0.0215,2026-06-02,5.288714398982721,2026-06-02,0,0.059513900395447,G202606021028,2026-06-02 10:28:00,0.25,0.10393860819914469,0.0,0.0,18.579926,1.9311716488831017,0,False,50065,G202606021028,B202606021028,0.3485116965575874,7.590494730831178,0.2047948979566653,3.63116389329751,0.25
B202606021030,50065,S059,4,304.5,40.0,38.579926,38.579926,temperature (board),4.90155728919467,5.31804991419467,-0.3537583333333333,paired,Turkana.Loima.Turkwel.Lorgum.100m near church.Concrete fixed public stand Tap 2,Treated,0.0,False,2026-06-02 10:30:00+00:00,-0.0215,2026-06-02,5.288714398982721,2026-06-02,0,0.0293355152119492,G202606021028,2026-06-02 10:30:00,0.25,0.07376022301564689,0.0,0.0,18.579926,1.370459485374216,0,False,50065,G202606021028,B202606021030,0.2785994012960922,7.590494730831178,0.18321082271338346,3.63116389329751,0.25
B202606030843,50053,S062,1,715.0,29.0,35.03125,35.868378,sipm_temperature,6.300785794663244,6.623957669663244,3.4418619666666666,paired,Turkana.Turkana West.Kakuma.Nakoyo.100m from the Tank.Public Stand Tap 2,Treated,0.0,False,2026-06-03 08:43:00+00:00,-0.0215,2026-06-03,6.685733502654843,2026-06-03,0,-0.0617758329915991,G202606030843,2026-06-03 08:43:00,0.5,-0.07332899898319756,-1.0,-0.03390155167568134,15.03125,-1.1022265159661884,0,False,50053,G202606030843,B202606030843,-0.17135079722943697,14.70333861432729,-0.13158860821011364,3.786598411844561,0.5
B202606030843,50065,S062,3,324.0,39.0,40.98938,40.98938,temperature (board),5.0369526024136295,5.488224272413629,0.9041166666666668,paired,Turkana.Turkana West.Kakuma.Nakoyo.100m from the Tank.Public Stand Tap 2,Treated,0.0,False,2026-06-03 08:43:00+00:00,-0.0215,2026-06-03,5.302452820666775,2026-06-03,0,0.185771451746854,G202606030843,2026-06-03 08:43:00,0.5,0.41435054018448536,-2.0,-0.05001042057466142,20.989379999999997,8.696960941137432,0,False,50065,G202606030843,B202606030843,0.980967748687644,7.894610712306305,0.23847200478039104,3.786598411844561,0.5
B202606030846,50053,S062,1,715.0,29.0,35.03125,35.868378,sipm_temperature,6.300785794663244,6.623957669663244,0.4418619666666666,paired,Turkana.Turkana West.Kakuma.Nakoyo.100m from the Tank.Public Stand Tap 2,Treated,0.0,False,2026-06-03 08:46:00+00:00,-0.0215,2026-06-03,6.685733502654843,2026-06-03,0,-0.0617758329915991,G202606030843,2026-06-03 08:46:00,0.5,-0.07332899898319756,-1.0,-0.03390155167568134,15.03125,-1.1022265159661884,0,False,50053,G202606030843,B202606030846,-0.17135079722943697,14.70333861432729,-0.13158860821011364,3.786598411844561,0.5
B202606030846,50065,S062,2,333.0,39.0,42.337616,42.337616,temperature (board),5.093580801795185,5.573839545795185,-0.6232666666666666,paired,Turkana.Turkana West.Kakuma.Nakoyo.100m from the Tank.Public Stand Tap 2,Treated,0.0,False,2026-06-03 08:46:00+00:00,-0.0215,2026-06-03,5.302452820666775,2026-06-03,0,0.2713867251284094,G202606030843,2026-06-03 08:46:00,0.5,0.49996581356604075,-2.0,-0.05001042057466142,22.337615999999997,11.168044356565808,0,False,50065,G202606030843,B202606030846,1.2707502039740364,7.894610712306305,0.31206585275114723,3.786598411844561,0.5
B202606030911,50053,P50053-06030913,1,715.0,30.0,37.367188,38.21991,sipm_temperature,6.300785794663244,6.674180336663244,2.00234375,paired (partner soak),Turkana.Turkana West.Kakuma.Nakoyo.500m East.Public Stand Tap 3,Treated,0.0,False,2026-06-03 09:11:00+00:00,-0.0215,2026-06-03,6.685733502654843,2026-06-03,0,-0.0115531659915992,G202606030911,2026-06-03 09:11:00,0.25,-0.02310633198319767,1.0,0.033901551675681416,17.367188,-0.40129201154260674,0,False,50053,G202606030911,B202606030911,0.3780367529235256,14.70333861432729,0.2676943016389105,3.786598411844561,0.25
B202606030914,50053,P50053-06030913,1,715.0,30.0,37.367188,38.21991,sipm_temperature,6.300785794663244,6.674180336663244,-0.99765625,paired (partner soak),Turkana.Turkana West.Kakuma.Nakoyo.500m East.Public Stand Tap 3,Treated,0.0,False,2026-06-03 09:14:00+00:00,-0.0215,2026-06-03,6.685733502654843,2026-06-03,0,-0.0115531659915992,G202606030911,2026-06-03 09:14:00,0.25,-0.02310633198319767,1.0,0.033901551675681416,17.367188,-0.40129201154260674,0,False,50053,G202606030911,B202606030914,0.3780367529235256,14.70333861432729,0.2676943016389105,3.786598411844561,0.25
B202606030931,50053,S063,1,735.0,29.0,36.765625,37.2657,sipm_temperature,6.336825731146441,6.697286668646441,0.0138020833333333,paired,Turkana.Turkana West. Kakuma.Nakoyo.Adjacent to 5m3 PVC tank.Public Tap Stand 4,Treated,0.0,False,2026-06-03 09:31:00+00:00,-0.0215,2026-06-03,6.685733502654843,2026-06-03,0,0.0115531659915983,G202606030931,2026-06-03 09:31:00,0.2,0.02310633198319767,-1.0,-0.03390155167568134,16.765625,0.3873920971557984,0,False,50053,G202606030931,B202606030931,-0.09929243422497365,14.70333861432729,-0.041718699066085,3.786598411844561,0.2
B202606030931,50065,S063,3,279.0,41.0,37.7919,37.7919,temperature (board),4.6913478822291435,5.073873732229144,-0.11605,paired,Turkana.Turkana West. Kakuma.Nakoyo.Adjacent to 5m3 PVC tank.Public Tap Stand 4,Treated,0.0,False,2026-06-03 09:31:00+00:00,-0.0215,2026-06-03,5.302452820666775,2026-06-03,0,-0.2285790884376313,G202606030931,2026-06-03 09:31:00,0.2,-0.4571581768752626,2.0,0.050010420574661416,17.7919,-8.133712567146985,0,False,50065,G202606030931,B202606030931,-0.5883820578894619,7.894610712306305,-0.08976711660021253,3.786598411844561,0.2
B202606030933,50053,S063,1,735.0,29.0,36.765625,37.2657,sipm_temperature,6.336825731146441,6.697286668646441,-1.9861979166666663,paired,Turkana.Turkana West. Kakuma.Nakoyo.Adjacent to 5m3 PVC tank.Public Tap Stand 4,Treated,0.0,False,2026-06-03 09:33:00+00:00,-0.0215,2026-06-03,6.685733502654843,2026-06-03,0,0.0115531659915983,G202606030931,2026-06-03 09:33:00,0.2,0.02310633198319767,-1.0,-0.03390155167568134,16.765625,0.3873920971557984,0,False,50053,G202606030931,B202606030933,-0.09929243422497365,14.70333861432729,-0.041718699066085,3.786598411844561,0.2
B202606030933,50065,S063,1,279.0,41.0,37.7919,37.7919,temperature (board),4.6913478822291435,5.073873732229144,-1.1172833333333334,paired,Turkana.Turkana West. Kakuma.Nakoyo.Adjacent to 5m3 PVC tank.Public Tap Stand 4,Treated,0.0,False,2026-06-03 09:33:00+00:00,-0.0215,2026-06-03,5.302452820666775,2026-06-03,0,-0.2285790884376313,G202606030931,2026-06-03 09:33:00,0.2,-0.4571581768752626,2.0,0.050010420574661416,17.7919,-8.133712567146985,0,False,50065,G202606030931,B202606030933,-0.5883820578894619,7.894610712306305,-0.08976711660021253,3.786598411844561,0.2
B202606030958,50053,P50053-06031001,1,769.0,30.0,34.5625,35.14328,sipm_temperature,6.395261598115449,6.708355348115449,3.0318359333333333,paired (partner soak),Turkana.Turkana West.Kakuma.Nakoyo.Public Stand Tap 6,Treated,0.0,False,2026-06-03 09:58:00+00:00,-0.0215,2026-06-03,6.685733502654843,2026-06-03,0,0.0226218454606064,G202606030958,2026-06-03 09:58:00,2.0,0.034175011452205695,1.0,0.033901551675681416,14.5625,0.49767360427274543,0,False,50053,G202606030958,B202606030958,0.43172226811922687,14.70333861432729,0.3419176120947006,3.786598411844561,2.0
B202606040811,50053,S064,1,795.0,33.0,33.796875,34.58435,sipm_temperature,6.437751649736401,6.734384462236401,0.7151692666666667,paired,Turkana.Turkana South. Lokichar. Kimabur.Kimabur school.Public Stand Tap 1,Treated,0.0,False,2026-06-04 08:11:00+00:00,-0.0215,2026-06-04,6.74361345745769,2026-06-04,0,-0.0092289952212896,G202606040811,2026-06-04 08:11:00,0.3,-0.01708543245277916,1.0,0.030771658666753687,13.796875,-0.23572557587193746,0,False,50053,G202606040811,B202606040811,0.3865531499788423,16.165279712650197,0.29195906206824285,4.004779122780377,0.3
B202606040811,50065,S064,3,294.0,39.0,37.603058,37.603058,temperature (board),4.820281565605037,5.198747312605037,0.3401666666666667,paired,Turkana.Turkana South. Lokichar. Kimabur.Kimabur school.Public Stand Tap 1,Treated,0.0,False,2026-06-04 08:11:00+00:00,-0.0215,2026-06-04,4.95988224406134,2026-06-04,0,0.2388650685436966,G202606040811,2026-06-04 08:11:00,0.3,0.2914072425411698,0.0,0.0,17.603057999999997,5.129658592072278,0,False,50065,G202606040811,B202606040811,1.7360124623267679,8.663025866867024,0.423641557973788,4.004779122780377,0.3
B202606040827,50053,S065,1,811.0,32.0,33.78125,34.04808,sipm_temperature,6.46302945692067,6.75932633192067,2.718619783333333,paired,Turkana.Turkana South.Lokichar.Kimabur.Concrete fixed Public Stand Tap 3,Treated,0.0,False,2026-06-04 08:27:00+00:00,-0.0215,2026-06-04,6.74361345745769,2026-06-04,0,0.0157128744629799,G202606040827,2026-06-04 08:27:00,0.1,0.020327372073625227,0.0,0.0,13.78125,0.28013659638964766,0,False,50053,G202606040827,B202606040827,0.16779497040383154,16.165279712650197,0.16645346234094255,4.004779122780377,0.1
B202606040827,50065,S065,3,269.0,39.0,36.731964,36.731964,temperature (board),4.59511985013459,4.95485707613459,0.34195,paired,Turkana.Turkana South.Lokichar.Kimabur.Concrete fixed Public Stand Tap 3,Treated,0.0,False,2026-06-04 08:27:00+00:00,-0.0215,2026-06-04,4.95988224406134,2026-06-04,0,-0.0050251679267505,G202606040827,2026-06-04 08:27:00,0.1,-0.006552490629560204,0.0,0.0,16.731963999999998,-0.10963603732413865,0,False,50065,G202606040827,B202606040827,0.2706129254874822,8.663025866867024,0.12845419565184743,4.004779122780377,0.1
B202606040813,50053,S064,1,795.0,33.0,33.796875,34.58435,sipm_temperature,6.437751649736401,6.734384462236401,-1.2848307333333333,paired,Turkana.Turkana South. Lokichar. Kimabur.Kimabur school.Public Stand Tap 1,Treated,0.0,False,2026-06-04 08:13:00+00:00,-0.0215,2026-06-04,6.74361345745769,2026-06-04,0,-0.0092289952212896,G202606040811,2026-06-04 08:13:00,0.3,-0.01708543245277916,1.0,0.030771658666753687,13.796875,-0.23572557587193746,0,False,50053,G202606040811,B202606040813,0.3865531499788423,16.165279712650197,0.29195906206824285,4.004779122780377,0.3
B202606040813,50065,S064,3,296.0,39.0,37.603058,37.603058,temperature (board),4.836281906951478,5.214747653951478,-0.6610333333333334,paired,Turkana.Turkana South. Lokichar. Kimabur.Kimabur school.Public Stand Tap 1,Treated,0.0,False,2026-06-04 08:13:00+00:00,-0.0215,2026-06-04,4.95988224406134,2026-06-04,0,0.2548654098901375,G202606040811,2026-06-04 08:13:00,0.3,0.3074075838876107,0.0,0.0,17.603057999999997,5.4113135288134755,0,False,50065,G202606040811,B202606040813,1.814356197681346,8.663025866867024,0.4396512450866805,4.004779122780377,0.3
B202606040829,50053,S065,1,811.0,32.0,33.78125,34.04808,sipm_temperature,6.46302945692067,6.75932633192067,0.7186197833333333,paired,Turkana.Turkana South.Lokichar.Kimabur.Concrete fixed Public Stand Tap 3,Treated,0.0,False,2026-06-04 08:29:00+00:00,-0.0215,2026-06-04,6.74361345745769,2026-06-04,0,0.0157128744629799,G202606040827,2026-06-04 08:29:00,0.1,0.020327372073625227,0.0,0.0,13.78125,0.28013659638964766,0,False,50053,G202606040827,B202606040829,0.16779497040383154,16.165279712650197,0.16645346234094255,4.004779122780377,0.1
B202606040829,50065,S065,4,270.0,39.0,36.731964,36.731964,temperature (board),4.605170185988092,4.964907411988092,-0.1600583333333333,paired,Turkana.Turkana South.Lokichar.Kimabur.Concrete fixed Public Stand Tap 3,Treated,0.0,False,2026-06-04 08:29:00+00:00,-0.0215,2026-06-04,4.95988224406134,2026-06-04,0,0.0050251679267514,G202606040827,2026-06-04 08:29:00,0.1,0.003497845223941809,0.0,0.0,16.731963999999998,0.05852582036456628,0,False,50065,G202606040827,B202606040829,0.3168810652664653,8.663025866867024,0.13860611768748976,4.004779122780377,0.1
B202606040833,50053,S066,1,1289.0,31.0,34.0625,34.393005,sipm_temperature,7.020190708311925,7.322534458311925,2.7172526,paired,Turkana.Turkana South.Lokichar.Kimabur.Concrete fixed Public Stand Tap 3,Treated,0.0,False,2026-06-04 08:33:00+00:00,-0.0215,2026-06-04,6.74361345745769,2026-06-04,0,0.5789210008542351,G202606040833,2026-06-04 08:33:00,0.1,0.5835354984648804,-1.0,-0.0317486983145803,14.0625,8.20596794716238,0,False,50053,G202606040833,B202606040833,0.34396384824985843,16.165279712650197,0.5809783395800777,4.004779122780377,0.1
B202606040833,50065,S066,3,277.0,39.0,38.381042,38.381042,temperature (board),4.672828834461906,5.068021237461906,0.3277333333333334,paired,Turkana.Turkana South.Lokichar.Kimabur.Concrete fixed Public Stand Tap 3,Treated,0.0,False,2026-06-04 08:33:00+00:00,-0.0215,2026-06-04,4.95988224406134,2026-06-04,0,0.1081389934005656,G202606040833,2026-06-04 08:33:00,0.1,0.16068116739803884,0.0,0.0,18.381042,2.9534872865523827,0,False,50065,G202606040833,B202606040833,1.1454344490329034,8.663025866867024,0.28878522000550433,4.004779122780377,0.1
B202606090654,50053,S070,1,646.0,40.0,29.382812,29.392853,sipm_temperature,6.16541785423142,6.3671483122314205,3.8245442666666665,paired,Isiolo.Isiolo.Ngaremara.Kona (Ngalabilabia).KonaBorehole,Source (untreated),0.0,False,2026-06-09 06:54:00+00:00,-0.0215,2026-06-09,6.8294207694409215,2026-06-09,0,-0.4622724572095009,G202606090654,2026-06-09 06:54:00,0.0,-0.46227245720950094,6.5,0.17733401528291545,9.382812000000001,-4.337415558774793,0,False,50053,G202606090654,B202606090654,1.1942149729888165,16.387307143435113,1.0804479481577711,14.602051458697048,0.0
B202606090654,50065,S070,1,285.0,41.0,31.555573,31.555573,temperature (board),4.74493212836325,4.993376947863251,1.90645,paired,Isiolo.Isiolo.Ngaremara.Kona (Ngalabilabia).KonaBorehole,Source (untreated),0.0,False,2026-06-09 06:54:00+00:00,-0.0215,2026-06-09,4.990657055448866,2026-06-09,0,0.0027198924143849,G202606090654,2026-06-09 06:54:00,0.0,0.0027198924143849723,1.0,0.024692612590371414,11.555572999999999,0.031429915346571795,0,False,50065,G202606090654,B202606090654,0.34175335367495013,4.6965091163248704,0.33216251332037583,14.602051458697048,0.0
B202606090656,50053,S070,1,646.0,40.0,29.382812,29.392853,sipm_temperature,6.16541785423142,6.3671483122314205,1.8245442666666667,paired,Isiolo.Isiolo.Ngaremara.Kona (Ngalabilabia).KonaBorehole,Source (untreated),0.0,False,2026-06-09 06:56:00+00:00,-0.0215,2026-06-09,6.8294207694409215,2026-06-09,0,-0.4622724572095009,G202606090654,2026-06-09 06:56:00,0.0,-0.46227245720950094,6.5,0.17733401528291545,9.382812000000001,-4.337415558774793,0,False,50053,G202606090654,B202606090656,1.1942149729888165,16.387307143435113,1.0804479481577711,14.602051458697048,0.0
B202606090656,50065,S070,3,293.0,41.0,31.555573,31.555573,temperature (board),4.812184355372417,5.0606291748724175,0.8995333333333334,paired,Isiolo.Isiolo.Ngaremara.Kona (Ngalabilabia).KonaBorehole,Source (untreated),0.0,False,2026-06-09 06:56:00+00:00,-0.0215,2026-06-09,4.990657055448866,2026-06-09,0,0.0699721194235518,G202606090654,2026-06-09 06:56:00,0.0,0.06997211942355186,1.0,0.024692612590371414,11.555572999999999,0.8085679339635714,0,False,50065,G202606090654,B202606090656,0.39827457121600135,4.6965091163248704,0.38904882499612503,14.602051458697048,0.0
B202606090659,50053,S070,1,646.0,40.0,29.382812,29.392853,sipm_temperature,6.16541785423142,6.3671483122314205,-1.1754557333333333,paired,Isiolo.Isiolo.Ngaremara.Kona (Ngalabilabia).KonaBorehole,Source (untreated),0.0,False,2026-06-09 06:59:00+00:00,-0.0215,2026-06-09,6.8294207694409215,2026-06-09,0,-0.4622724572095009,G202606090654,2026-06-09 06:59:00,0.0,-0.46227245720950094,6.5,0.17733401528291545,9.382812000000001,-4.337415558774793,0,False,50053,G202606090654,B202606090659,1.1942149729888165,16.387307143435113,1.0804479481577711,14.602051458697048,0.0
B202606090659,50065,S070,4,315.0,42.0,34.0896305,34.0896305,temperature (board),4.97556710300174,5.278494158751741,0.3853499999999999,paired,Isiolo.Isiolo.Ngaremara.Kona (Ngalabilabia).KonaBorehole,Source (untreated),0.0,False,2026-06-09 06:59:00+00:00,-0.0215,2026-06-09,4.990657055448866,2026-06-09,0,0.2878371033028752,G202606090654,2026-06-09 06:59:00,0.0,0.28783710330287526,2.0,0.04879016416943205,14.089630499999998,4.055518429727842,0,False,50065,G202606090654,B202606090659,0.8065614209343062,4.6965091163248704,0.746847282662212,14.602051458697048,0.0
B202606090701,50053,S070,1,646.0,40.0,29.382812,29.392853,sipm_temperature,6.16541785423142,6.3671483122314205,-3.1754557333333335,paired,Isiolo.Isiolo.Ngaremara.Kona (Ngalabilabia).KonaBorehole,Source (untreated),0.0,False,2026-06-09 07:01:00+00:00,-0.0215,2026-06-09,6.8294207694409215,2026-06-09,0,-0.4622724572095009,G202606090654,2026-06-09 07:01:00,0.0,-0.46227245720950094,6.5,0.17733401528291545,9.382812000000001,-4.337415558774793,0,False,50053,G202606090654,B202606090701,1.1942149729888165,16.387307143435113,1.0804479481577711,14.602051458697048,0.0
B202606090701,50065,S070,4,345.0,42.0,35.081604,35.081604,temperature (board),5.163985333240027,5.488239819240027,0.3663083333333333,paired,Isiolo.Isiolo.Ngaremara.Kona (Ngalabilabia).KonaBorehole,Source (untreated),0.0,False,2026-06-09 07:01:00+00:00,-0.0215,2026-06-09,4.990657055448866,2026-06-09,0,0.4975827637911614,G202606090654,2026-06-09 07:01:00,0.0,0.4975827637911614,2.0,0.04879016416943205,15.081603999999999,7.504346200723834,0,False,50065,G202606090654,B202606090701,1.064120692325577,4.6965091163248704,0.9643138851139219,14.602051458697048,0.0
B202606090704,50053,S070,1,646.0,40.0,29.382812,29.392853,sipm_temperature,6.16541785423142,6.3671483122314205,-6.175455733333334,paired,Isiolo.Isiolo.Ngaremara.Kona (Ngalabilabia).KonaBorehole,Source (untreated),0.0,False,2026-06-09 07:04:00+00:00,-0.0215,2026-06-09,6.8294207694409215,2026-06-09,0,-0.4622724572095009,G202606090654,2026-06-09 07:04:00,0.0,-0.46227245720950094,6.5,0.17733401528291545,9.382812000000001,-4.337415558774793,0,False,50053,G202606090654,B202606090704,1.1942149729888165,16.387307143435113,1.0804479481577711,14.602051458697048,0.0
B202606090704,50065,S070,1,363.0,42.0,35.780243,35.780243,temperature (board),5.262690188904886,5.601965413404885,-1.19755,paired,Isiolo.Isiolo.Ngaremara.Kona (Ngalabilabia).KonaBorehole,Source (untreated),0.0,False,2026-06-09 07:04:00+00:00,-0.0215,2026-06-09,4.990657055448866,2026-06-09,0,0.6113083579560197,G202606090654,2026-06-09 07:04:00,0.0,0.6113083579560197,2.0,0.04879016416943205,15.780242999999999,9.646594436476972,0,False,50065,G202606090654,B202606090704,1.2266369793334917,4.6965091163248704,1.094144883780252,14.602051458697048,0.0
B202606090720,50053,S071,1,917.0,34.0,30.023438,30.404968,sipm_temperature,6.616065185132817,6.831569102132818,1.83066405,paired,Isiolo.Isiolo.Ngaremara.Kona(Ngalabilabia).NearestToBorehole.KonaWaterKiosk,Treated,1.0,False,2026-06-09 07:20:00+00:00,-0.0215,2026-06-09,6.8294207694409215,2026-06-09,0,0.0021483326918962,G202606090720,2026-06-09 07:20:00,0.0,0.004296665383792586,1.0,0.02985296314968113,10.023437999999999,0.043067359081191185,0,False,50053,G202606090720,B202606090720,0.3880199701351489,16.387307143435113,0.388222478738253,14.602051458697048,0.0
B202606090720,50065,S071,3,316.0,40.0,34.541534,34.541534,temperature (board),4.983606621708336,5.296249602708336,0.8742333333333333,paired,Isiolo.Isiolo.Ngaremara.Kona(Ngalabilabia).NearestToBorehole.KonaWaterKiosk,Treated,1.0,False,2026-06-09 07:20:00+00:00,-0.0215,2026-06-09,4.990657055448866,2026-06-09,0,0.3055925472594705,G202606090720,2026-06-09 07:20:00,0.0,0.325507778105699,0.0,0.0,14.541533999999999,4.733382422588477,0,False,50065,G202606090720,B202606090720,0.46988036739570704,4.6965091163248704,0.4456640886106895,14.602051458697048,0.0
B202606090723,50053,S071,1,917.0,34.0,30.023438,30.404968,sipm_temperature,6.616065185132817,6.831569102132818,-1.16933595,paired,Isiolo.Isiolo.Ngaremara.Kona(Ngalabilabia).NearestToBorehole.KonaWaterKiosk,Treated,2.0,False,2026-06-09 07:23:00+00:00,-0.0215,2026-06-09,6.8294207694409215,2026-06-09,0,0.0021483326918962,G202606090720,2026-06-09 07:23:00,0.0,0.004296665383792586,1.0,0.02985296314968113,10.023437999999999,0.043067359081191185,0,False,50053,G202606090720,B202606090723,0.3880199701351489,16.387307143435113,0.388222478738253,14.602051458697048,0.0
B202606090723,50065,S071,4,324.5,40.0,35.247757,35.247757,temperature (board),5.040063163097292,5.367889938597292,0.3675,paired,Isiolo.Isiolo.Ngaremara.Kona(Ngalabilabia).NearestToBorehole.KonaWaterKiosk,Treated,2.0,False,2026-06-09 07:23:00+00:00,-0.0215,2026-06-09,4.990657055448866,2026-06-09,0,0.3772328831484266,G202606090720,2026-06-09 07:23:00,0.0,0.3971481139946551,0.0,0.0,15.247757,6.0556179351988,0,False,50065,G202606090720,B202606090723,0.5664570616464712,4.6965091163248704,0.5227345633033695,14.602051458697048,0.0
B202606090726,50053,S071,1,917.0,34.0,30.023438,30.404968,sipm_temperature,6.616065185132817,6.831569102132818,-4.16933595,paired,Isiolo.Isiolo.Ngaremara.Kona(Ngalabilabia).NearestToBorehole.KonaWaterKiosk,Treated,2.0,False,2026-06-09 07:26:00+00:00,-0.0215,2026-06-09,6.8294207694409215,2026-06-09,0,0.0021483326918962,G202606090720,2026-06-09 07:26:00,0.0,0.004296665383792586,1.0,0.02985296314968113,10.023437999999999,0.043067359081191185,0,False,50053,G202606090720,B202606090726,0.3880199701351489,16.387307143435113,0.388222478738253,14.602051458697048,0.0
B202606090726,50065,S071,3,337.0,40.0,37.1373,37.1373,temperature (board),5.117993812416755,5.486445762416755,-0.143,paired,Isiolo.Isiolo.Ngaremara.Kona(Ngalabilabia).NearestToBorehole.KonaWaterKiosk,Treated,2.0,False,2026-06-09 07:26:00+00:00,-0.0215,2026-06-09,4.990657055448866,2026-06-09,0,0.4957887069678897,G202606090720,2026-06-09 07:26:00,0.0,0.5157039378141182,0.0,0.0,17.137300000000003,8.83777309350189,0,False,50065,G202606090720,B202606090726,0.7715642137161796,4.6965091163248704,0.6716624424959743,14.602051458697048,0.0
B202606090748,50053,S072,1,948.0,34.0,29.359375,29.893875,sipm_temperature,6.656726524178391,6.857953086678391,3.8412760333333336,paired,Isiolo.Isiolo.Ngaremara.Kona(Ngalabilabia).NextToSignPost.ArmartiJuuWaterKiosk,Treated,14.0,False,2026-06-09 07:48:00+00:00,-0.0215,2026-06-09,6.8294207694409215,2026-06-09,0,0.0285323172374694,G202606090748,2026-06-09 07:48:00,0.0,0.0306806499293657,1.0,0.02985296314968113,9.359375,0.2871517079326571,0,False,50053,G202606090748,B202606090748,0.4112395787880756,16.387307143435113,0.4157181331057672,14.602051458697048,0.0
B202606090748,50065,S072,2,268.0,40.5,33.693085,33.693085,temperature (board),4.584915414318987,4.879316741818986,1.3796499999999998,paired,Isiolo.Isiolo.Ngaremara.Kona(Ngalabilabia).NextToSignPost.ArmartiJuuWaterKiosk,Treated,14.0,False,2026-06-09 07:48:00+00:00,-0.0215,2026-06-09,4.990657055448866,2026-06-09,0,-0.1113403136298796,G202606090748,2026-06-09 07:48:00,0.0,-0.1312555444761081,0.5,0.01242251999855711,13.693085000000004,-1.797293327232629,0,False,50065,G202606090748,B202606090748,0.08015677758690462,4.6965091163248704,0.09235117624854594,14.602051458697048,0.0
B202606090751,50053,S072,1,948.0,34.0,29.359375,29.893875,sipm_temperature,6.656726524178391,6.857953086678391,0.8412760333333333,paired,Isiolo.Isiolo.Ngaremara.Kona(Ngalabilabia).NextToSignPost.ArmartiJuuWaterKiosk,Treated,5.0,False,2026-06-09 07:51:00+00:00,-0.0215,2026-06-09,6.8294207694409215,2026-06-09,0,0.0285323172374694,G202606090748,2026-06-09 07:51:00,0.0,0.0306806499293657,1.0,0.02985296314968113,9.359375,0.2871517079326571,0,False,50053,G202606090748,B202606090751,0.4112395787880756,16.387307143435113,0.4157181331057672,14.602051458697048,0.0
B202606090751,50065,S072,4,272.5,40.0,33.693085,33.693085,temperature (board),4.6297557079913165,4.924157035491316,0.3741166666666666,paired,Isiolo.Isiolo.Ngaremara.Kona(Ngalabilabia).NextToSignPost.ArmartiJuuWaterKiosk,Treated,5.0,False,2026-06-09 07:51:00+00:00,-0.0215,2026-06-09,4.990657055448866,2026-06-09,0,-0.0665000199575498,G202606090748,2026-06-09 07:51:00,0.0,-0.08641525080377832,0.0,0.0,13.693085000000004,-1.1832913745524551,0,False,50065,G202606090748,B202606090751,0.02860279860102813,4.6965091163248704,0.048661971522995895,14.602051458697048,0.0
B202606090753,50053,S072,1,948.0,34.0,29.359375,29.893875,sipm_temperature,6.656726524178391,6.857953086678391,-1.1587239666666669,paired,Isiolo.Isiolo.Ngaremara.Kona(Ngalabilabia).NextToSignPost.ArmartiJuuWaterKiosk,Treated,5.0,False,2026-06-09 07:53:00+00:00,-0.0215,2026-06-09,6.8294207694409215,2026-06-09,0,0.0285323172374694,G202606090748,2026-06-09 07:53:00,0.0,0.0306806499293657,1.0,0.02985296314968113,9.359375,0.2871517079326571,0,False,50053,G202606090748,B202606090753,0.4112395787880756,16.387307143435113,0.4157181331057672,14.602051458697048,0.0
B202606090753,50065,S072,4,279.0,40.0,35.655640000000005,35.655640000000005,temperature (board),4.69117951788712,5.02777577788712,0.3676083333333333,paired,Isiolo.Isiolo.Ngaremara.Kona(Ngalabilabia).NextToSignPost.ArmartiJuuWaterKiosk,Treated,5.0,False,2026-06-09 07:53:00+00:00,-0.0215,2026-06-09,4.990657055448866,2026-06-09,0,0.0371187224382545,G202606090748,2026-06-09 07:53:00,0.0,0.017203491592026054,0.0,0.0,15.655640000000005,0.2693316711077869,0,False,50065,G202606090748,B202606090753,0.11458942962787985,4.6965091163248704,0.12487057941174631,14.602051458697048,0.0
B202606090828,50053,S073,1,925.0,33.0,29.328125,29.576645,sipm_temperature,6.626717749249025,6.827272436749025,-0.1494791666666666,paired,Isiolo.Isiolo.Ngaremara.Near50m3ElevatedSteelTank.ZebraCenterWaterKiosk,Treated,0.0,False,2026-06-09 08:28:00+00:00,-0.0215,2026-06-09,6.8294207694409215,2026-06-09,0,-0.0021483326918962,G202606090828,2026-06-09 08:28:00,0.0,-0.004296665383792586,-1.0,-0.02985296314968116,9.328125,-0.04007983178319022,0,False,50053,G202606090828,B202606090828,-0.08149487903503973,16.387307143435113,-0.025381680167627277,14.602051458697048,0.0
B202606090828,50065,S073,3,282.0,40.0,33.58481,33.58481,temperature (board),4.718498871295094,5.010572286295094,0.8323166666666667,paired,Isiolo.Isiolo.Ngaremara.Near50m3ElevatedSteelTank.ZebraCenterWaterKiosk,Treated,0.0,False,2026-06-09 08:28:00+00:00,-0.0215,2026-06-09,4.990657055448866,2026-06-09,0,0.0199152308462284,G202606090828,2026-06-09 08:28:00,0.0,0.039830461692456964,0.0,0.0,13.584809999999997,0.5410892543043062,0,False,50065,G202606090828,B202606090828,0.1603019076714879,4.6965091163248704,0.17038169102436723,14.602051458697048,0.0
B202606090830,50053,S073,1,925.0,33.0,29.328125,29.576645,sipm_temperature,6.626717749249025,6.827272436749025,-2.1494791666666666,paired,Isiolo.Isiolo.Ngaremara.Near50m3ElevatedSteelTank.ZebraCenterWaterKiosk,Treated,0.0,False,2026-06-09 08:30:00+00:00,-0.0215,2026-06-09,6.8294207694409215,2026-06-09,0,-0.0021483326918962,G202606090828,2026-06-09 08:30:00,0.0,-0.004296665383792586,-1.0,-0.02985296314968116,9.328125,-0.04007983178319022,0,False,50053,G202606090828,B202606090830,-0.08149487903503973,16.387307143435113,-0.025381680167627277,14.602051458697048,0.0
B202606090830,50065,S073,4,281.5,40.0,33.58481,33.58481,temperature (board),4.714014536303714,5.006087951303714,0.3311833333333333,paired,Isiolo.Isiolo.Ngaremara.Near50m3ElevatedSteelTank.ZebraCenterWaterKiosk,Treated,0.0,False,2026-06-09 08:30:00+00:00,-0.0215,2026-06-09,4.990657055448866,2026-06-09,0,0.0154308958548483,G202606090828,2026-06-09 08:30:00,0.0,0.03534612670107684,0.0,0.0,13.584809999999997,0.48017041547005557,0,False,50065,G202606090828,B202606090830,0.15570205227410325,4.6965091163248704,0.16612312218592362,14.602051458697048,0.0
B202606090833,50053,S073,1,902.0,33.0,30.125,30.258942,sipm_temperature,6.595780513961311,6.8134680139613115,0.8500651,paired,Isiolo.Isiolo.Ngaremara.Near50m3ElevatedSteelTank.ZebraCenterWaterKiosk,Treated,0.0,False,2026-06-09 08:33:00+00:00,-0.0215,2026-06-09,6.8294207694409215,2026-06-09,0,-0.0159527554796099,G202606090828,2026-06-09 08:33:00,0.0,-0.01810108817150624,-1.0,-0.02985296314968116,10.125,-0.1832735177365007,0,False,50053,G202606090828,B202606090833,-0.09689222059286239,16.387307143435113,-0.0461689914927418,14.602051458697048,0.0
B202606090833,50065,S073,4,283.0,40.0,35.660658999999995,35.660658999999995,temperature (board),4.727387818712341,5.064091987212341,0.3246666666666666,paired,Isiolo.Isiolo.Ngaremara.Near50m3ElevatedSteelTank.ZebraCenterWaterKiosk,Treated,0.0,False,2026-06-09 08:33:00+00:00,-0.0215,2026-06-09,4.990657055448866,2026-06-09,0,0.073434931763475,G202606090828,2026-06-09 08:33:00,0.0,0.09335016260970352,0.0,0.0,15.660658999999995,1.4619250642251165,0,False,50065,G202606090828,B202606090833,0.2070791632718973,4.6965091163248704,0.2052101373916871,14.602051458697048,0.0
B202606090845,50053,S074,1,885.0,33.0,31.070312,31.593323,sipm_temperature,6.5722825426940075,6.810294250694008,0.8520833333333333,paired,,Treated,1.0,False,2026-06-09 08:45:00+00:00,-0.0215,2026-06-09,6.8294207694409215,2026-06-09,0,-0.0191265187469138,G202606090845,2026-06-09 08:45:00,0.0,-0.02127485143881014,-1.0,-0.02985296314968116,11.070312000000001,-0.23551924318127718,0,False,50053,G202606090845,B202606090845,-0.10557978747033624,16.387307143435113,-0.06144815344794932,14.602051458697048,0.0
B202606090845,50065,S074,1,264.0,40.0,39.75821,39.75821,temperature (board),4.543294782270004,4.968096297270003,1.8223333333333336,paired,,Treated,1.0,False,2026-06-09 08:45:00+00:00,-0.0215,2026-06-09,4.990657055448866,2026-06-09,0,-0.0225607581788622,G202606090845,2026-06-09 08:45:00,0.0,-0.042475989025090755,0.0,0.0,19.75821,-0.8392495111154383,0,False,50065,G202606090845,B202606090845,-0.024855157997779598,4.6965091163248704,0.0017587034039396876,14.602051458697048,0.0
B202606090848,50053,S074,1,885.0,33.0,31.070312,31.593323,sipm_temperature,6.5722825426940075,6.810294250694008,-2.1479166666666667,paired,,Treated,0.0,False,2026-06-09 08:48:00+00:00,-0.0215,2026-06-09,6.8294207694409215,2026-06-09,0,-0.0191265187469138,G202606090845,2026-06-09 08:48:00,0.0,-0.02127485143881014,-1.0,-0.02985296314968116,11.070312000000001,-0.23551924318127718,0,False,50053,G202606090845,B202606090848,-0.10557978747033624,16.387307143435113,-0.06144815344794932,14.602051458697048,0.0
B202606090848,50065,S074,4,264.5,40.0,39.75821,39.75821,temperature (board),4.548585836935272,4.973387351935272,0.3206083333333333,paired,,Treated,0.0,False,2026-06-09 08:48:00+00:00,-0.0215,2026-06-09,4.990657055448866,2026-06-09,0,-0.0172697035135938,G202606090845,2026-06-09 08:48:00,0.0,-0.037184934359822286,0.0,0.0,19.75821,-0.7347077419175843,0,False,50065,G202606090845,B202606090848,-0.016444708419948495,4.6965091163248704,0.00845403243775844,14.602051458697048,0.0
B202606100726,50053,S075,1,1022.0,33.0,26.796875,25.845413,sipm_temperature,6.747586526829315,6.893719339329316,1.8341796833333333,paired,,Source (untreated),0.0,False,2026-06-10 07:26:00+00:00,-0.0215,2026-06-10,6.8512689126499335,2026-06-10,0,0.0424504266793821,G202606100726,2026-06-10 07:26:00,0.0,0.04245042667938215,-0.5,-0.015037877364540559,6.796875,0.28853024383642556,0,False,50053,G202606100726,B202606100726,0.0635019749033012,14.367521568257686,0.09230168929459877,3.081828118971507,0.0
B202606100726,50065,S075,2,318.5,40.0,29.098297,29.098297,temperature (board),5.000307131633425,5.195920517133425,1.357033333333333,paired,,Source (untreated),0.0,False,2026-06-10 07:26:00+00:00,-0.0215,2026-06-10,5.209253505045659,2026-06-10,0,-0.0133329879122339,G202606100726,2026-06-10 07:26:00,0.0,-0.013332987912233918,-0.375,-0.009331327428884305,9.098296999999999,-0.1213074839229141,0,False,50065,G202606100726,B202606100726,0.052015648230383474,7.11615219669077,0.05829773481546677,3.081828118971507,0.0
B202606100730,50053,S075,1,1022.0,33.0,26.796875,25.845413,sipm_temperature,6.747586526829315,6.893719339329316,-2.1658203166666667,paired,,Source (untreated),0.0,False,2026-06-10 07:30:00+00:00,-0.0215,2026-06-10,6.8512689126499335,2026-06-10,0,0.0424504266793821,G202606100726,2026-06-10 07:30:00,0.0,0.04245042667938215,-0.5,-0.015037877364540559,6.796875,0.28853024383642556,0,False,50053,G202606100726,B202606100730,0.0635019749033012,14.367521568257686,0.09230168929459877,3.081828118971507,0.0
B202606100730,50065,S075,4,312.5,40.0,29.7440795,29.7440795,temperature (board),4.9593358439305835,5.175778109260918,0.3532083333333333,paired,,Source (untreated),0.0,False,2026-06-10 07:30:00+00:00,-0.0215,2026-06-10,5.209253505045659,2026-06-10,0,-0.0334753957847411,G202606100726,2026-06-10 07:30:00,0.0,-0.033475395784741124,-0.375,-0.009331327428884305,9.744079500000002,-0.3261869178204825,0,False,50065,G202606100726,B202606100730,0.02256600712870116,7.11615219669077,0.03615020732107169,3.081828118971507,0.0
B202606100753,50053,S076,1,968.0,33.0,28.757812,29.626999,sipm_temperature,6.682108597449809,6.870401555449809,-1.1621093833333334,paired,Isiolo.Isiolo.Ngaremara.Nasuroi.NearestToFarm.WaterKiosk2,Source (untreated),14.0,False,2026-06-10 07:53:00+00:00,-0.0215,2026-06-10,6.8512689126499335,2026-06-10,0,0.0191326427998754,G202606100753,2026-06-10 07:53:00,0.0,0.019132642799875477,-0.5,-0.015037877364540559,8.757812000000001,0.16756008870446307,0,False,50053,G202606100753,B202606100753,0.04529215682456643,14.367521568257686,0.06219235572707488,3.081828118971507,0.0
B202606100753,50065,S076,3,340.0,40.0,32.361237,32.361237,temperature (board),5.135798437050262,5.401565032550262,0.8289666666666666,paired,Isiolo.Isiolo.Ngaremara.Nasuroi.NearestToFarm.WaterKiosk2,Source (untreated),14.0,False,2026-06-10 07:53:00+00:00,-0.0215,2026-06-10,5.209253505045659,2026-06-10,0,0.1923115275046027,G202606100753,2026-06-10 07:53:00,0.0,0.19231152750460279,-0.375,-0.009331327428884305,12.361237000000003,2.3772083693164143,0,False,50065,G202606100753,B202606100753,0.4016283288722545,7.11615219669077,0.2581074641611231,3.081828118971507,0.0
B202606100757,50053,S076,1,995.0,33.0,27.835938,28.48648,sipm_temperature,6.715383386334681,6.88385605333468,0.8369140500000001,paired,Isiolo.Isiolo.Ngaremara.Nasuroi.NearestToFarm.WaterKiosk2,Source (untreated),48.0,False,2026-06-10 07:57:00+00:00,-0.0215,2026-06-10,6.8512689126499335,2026-06-10,0,0.0325871406847468,G202606100753,2026-06-10 07:57:00,0.0,0.032587140684746885,-0.5,-0.015037877364540559,7.835937999999999,0.2553508140029541,0,False,50053,G202606100753,B202606100757,0.05555312771854298,14.367521568257686,0.07883221677406854,3.081828118971507,0.0
B202606100757,50065,S076,4,338.5,40.0,34.9028465,34.9028465,temperature (board),5.126931347163167,5.447342546913166,0.3253749999999999,paired,Isiolo.Isiolo.Ngaremara.Nasuroi.NearestToFarm.WaterKiosk2,Source (untreated),48.0,False,2026-06-10 07:57:00+00:00,-0.0215,2026-06-10,5.209253505045659,2026-06-10,0,0.2380890418675072,G202606100753,2026-06-10 07:57:00,0.0,0.23808904186750723,-0.375,-0.009331327428884305,14.902846500000003,3.548204444283534,0,False,50065,G202606100753,B202606100757,0.5319556434977077,7.11615219669077,0.2876838478507935,3.081828118971507,0.0
B202606101045,50053,S078,1,943.0,33.0,29.703125,29.357605,sipm_temperature,6.650279048587422,6.858896236087422,0.8576822833333334,paired,Isiolo.Isiolo.Ngaremara.Nasuroi.ClaraChlorinationSystem,Treated,0.0,False,2026-06-10 10:45:00+00:00,-0.0215,2026-06-10,6.8512689126499335,2026-06-10,0,0.0076273234374886,G202606101045,2026-06-10 10:45:00,0.5,0.012897736481212618,-0.5,-0.015037877364540559,9.703125,0.1251483492942662,0,False,50053,G202606101045,B202606101045,0.03874706949131321,14.367521568257686,0.05352903917138596,3.081828118971507,0.5
B202606101045,50065,S078,4,292.0,40.0,32.2315675,32.2315675,temperature (board),4.803886654193541,5.066865355443541,0.5015166666666667,paired,Isiolo.Isiolo.Ngaremara.Nasuroi.ClaraChlorinationSystem,Treated,0.0,False,2026-06-10 10:45:00+00:00,-0.0215,2026-06-10,5.209253505045659,2026-06-10,0,-0.1423881496021177,G202606101045,2026-06-10 10:45:00,0.5,-0.14837592687617907,-0.25,-0.006230549750636086,12.231567499999997,-1.814870164961048,0,False,50065,G202606101045,B202606101045,-0.155585325457453,7.11615219669077,-0.06497841331808343,3.081828118971507,0.5
B202606101050,50053,S078,1,923.0,34.0,30.703125,30.749893,sipm_temperature,6.6240652277998935,6.854182415299894,1.8615885333333333,paired,Isiolo.Isiolo.Ngaremara.Nasuroi.ClaraChlorinationSystem,Treated,0.0,False,2026-06-10 10:50:00+00:00,-0.0215,2026-06-10,6.8512689126499335,2026-06-10,0,0.0029135026499602,G202606101045,2026-06-10 10:50:00,0.5,0.008183915693684263,0.5,0.014815085785140682,10.703125,0.08759347265896437,0,False,50053,G202606101045,B202606101050,0.2649412899946319,14.367521568257686,0.20997955839825833,3.081828118971507,0.5
B202606101050,50065,S078,4,316.0,41.0,36.561997,36.561997,temperature (board),4.983583164599655,5.339666100099655,0.4819833333333333,paired,Isiolo.Isiolo.Ngaremara.Nasuroi.ClaraChlorinationSystem,Treated,0.0,False,2026-06-10 10:50:00+00:00,-0.0215,2026-06-10,5.209253505045659,2026-06-10,0,0.130412595053996,G202606101045,2026-06-10 10:50:00,0.5,0.12442481777993475,0.75,0.018462062839735352,16.561996999999998,2.0607234587968257,0,False,50065,G202606101045,B202606101050,0.4933806452034272,7.11615219669077,0.3248132121003714,3.081828118971507,0.5
B202606101110,50053,S079,1,929.0,34.0,31.03125,31.537933,sipm_temperature,6.63200177739563,6.86917365239563,-0.1337890666666666,paired,Isiolo.Isiolo.Ngaremara.Nasuroi.NasuroiBorehole,Source (untreated),0.0,False,2026-06-10 11:10:00+00:00,-0.0215,2026-06-10,6.8512689126499335,2026-06-10,0,0.0179047397456963,G202606101110,2026-06-10 11:10:00,0.0,0.017904739745696396,0.5,0.014815085785140682,11.03125,0.19751166031971337,0,False,50053,G202606101110,B202606101110,0.2701936639351356,14.367521568257686,0.21924666506926654,3.081828118971507,0.0
B202606101110,50065,S079,4,329.0,39.5,39.336502,39.336502,temperature (board),5.068884424130397,5.484619217130397,0.4466416666666666,paired,Isiolo.Isiolo.Ngaremara.Nasuroi.NasuroiBorehole,Source (untreated),0.0,False,2026-06-10 11:10:00+00:00,-0.0215,2026-06-10,5.209253505045659,2026-06-10,0,0.2753657120847377,G202606101110,2026-06-10 11:10:00,0.0,0.2753657120847377,-0.875,-0.021910109635744458,19.336502000000003,5.324609642457956,0,False,50065,G202606101110,B202606101110,0.6369340539475828,7.11615219669077,0.22308050343592672,3.081828118971507,0.0
B202606101113,50053,S079,1,930.0,34.0,31.109375,31.52031,sipm_temperature,6.633318433280377,6.872169995780377,2.8660156166666666,paired,Isiolo.Isiolo.Ngaremara.Nasuroi.NasuroiBorehole,Source (untreated),0.0,False,2026-06-10 11:13:00+00:00,-0.0215,2026-06-10,6.8512689126499335,2026-06-10,0,0.0209010831304432,G202606101110,2026-06-10 11:13:00,0.0,0.020901083130443254,0.5,0.014815085785140682,11.109375,0.23219797040226803,0,False,50053,G202606101110,B202606101113,0.27191080211879054,14.367521568257686,0.22213189042604564,3.081828118971507,0.0
B202606101113,50065,S079,4,336.5,40.0,39.389389,39.389389,temperature (board),5.11495472665192,5.53182659015192,0.4376833333333333,paired,Isiolo.Isiolo.Ngaremara.Nasuroi.NasuroiBorehole,Source (untreated),0.0,False,2026-06-10 11:13:00+00:00,-0.0215,2026-06-10,5.209253505045659,2026-06-10,0,0.3225730851062609,G202606101110,2026-06-10 11:13:00,0.0,0.3225730851062609,-0.375,-0.009331327428884305,19.389389,6.2544950280554,0,False,50065,G202606101110,B202606101113,0.8160570110606808,7.11615219669077,0.33250020733379093,3.081828118971507,0.0
B202606101122,50053,S080,1,899.0,33.0,31.1875,31.537933,sipm_temperature,6.591673732008658,6.832204982008658,-0.1344401166666666,paired,,Treated,0.0,False,2026-06-10 11:22:00+00:00,-0.0215,2026-06-10,6.8512689126499335,2026-06-10,0,-0.0190639306412752,G202606101122,2026-06-10 11:22:00,0.2,-0.024334343685000093,-0.5,-0.015037877364540559,11.1875,-0.27224046997593854,0,False,50053,G202606101122,B202606101122,0.009996859184237844,14.367521568257686,0.012386259245940195,3.081828118971507,0.2
B202606101122,50065,S080,2,289.5,40.5,37.7919,37.7919,temperature (board),4.782887273239391,5.16541312323939,1.4527583333333334,paired,,Treated,0.0,False,2026-06-10 11:22:00+00:00,-0.0215,2026-06-10,5.209253505045659,2026-06-10,0,-0.0438403818062687,G202606101122,2026-06-10 11:22:00,0.2,-0.0378526045322074,0.0,0.0,17.7919,-0.6734697545765808,0,False,50065,G202606101122,B202606101122,0.057658446074031644,7.11615219669077,0.07303912561639694,3.081828118971507,0.2
B202606101125,50053,S080,1,916.0,34.0,31.398438,31.792221,sipm_temperature,6.61472560020376,6.859792017203761,2.869270833333333,paired,,Treated,0.0,False,2026-06-10 11:25:00+00:00,-0.0215,2026-06-10,6.8512689126499335,2026-06-10,0,0.0085231045538272,G202606101122,2026-06-10 11:25:00,0.2,0.0032526915101023235,0.5,0.014815085785140682,11.398437999999999,0.037075602511027705,0,False,50053,G202606101122,B202606101125,0.2595070189795189,14.367521568257686,0.20354334733408955,3.081828118971507,0.2
B202606101125,50065,S080,4,302.0,40.0,37.7919,37.7919,temperature (board),4.882543591400051,5.26506944140005,0.4440666666666666,paired,,Treated,0.0,False,2026-06-10 11:25:00+00:00,-0.0215,2026-06-10,5.209253505045659,2026-06-10,0,0.0558159363543913,G202606101122,2026-06-10 11:25:00,0.2,0.061803713628452606,-0.5,-0.012422519998557209,17.7919,1.0996054925060659,0,False,50065,G202606101122,B202606101125,0.19935551474203772,7.11615219669077,0.09438680049284197,3.081828118971507,0.2
B202606100932,50053,S077,1,995.0,33.0,27.859375,27.771454,sipm_temperature,6.715383386334681,6.884359948834681,1.8526692666666664,paired,,Source (untreated),1.0,False,2026-06-10 09:32:00+00:00,-0.0215,2026-06-10,6.8512689126499335,2026-06-10,0,0.0330910361847474,G202606100932,2026-06-10 09:32:00,0.0,0.0330910361847474,-0.5,-0.015037877364540559,7.859375,0.2600748625144991,0,False,50053,G202606100932,B202606100932,0.05577883042937219,14.367521568257686,0.07931851793682508,3.081828118971507,0.0
B202606100932,50065,S077,2,317.5,40.0,30.347076,30.347076,temperature (board),4.993776463826897,5.216238597826898,0.9052166666666668,paired,,Source (untreated),1.0,False,2026-06-10 09:32:00+00:00,-0.0215,2026-06-10,5.209253505045659,2026-06-10,0,0.0069850927812389,G202606100932,2026-06-10 09:32:00,0.0,0.006985092781238933,-0.375,-0.009331327428884305,10.347076000000001,0.07227528587453062,0,False,50065,G202606100932,B202606100932,0.08378758115108358,7.11615219669077,0.07727145481112438,3.081828118971507,0.0
B202606100937,50053,S077,1,977.0,33.0,28.5,28.720627,sipm_temperature,6.693323668269949,6.8760736682699495,2.8557942666666665,paired,,Source (untreated),0.0,False,2026-06-10 09:37:00+00:00,-0.0215,2026-06-10,6.8512689126499335,2026-06-10,0,0.0248047556200159,G202606100932,2026-06-10 09:37:00,0.0,0.02480475562001594,-0.5,-0.015037877364540559,8.5,0.21084042277013548,0,False,50053,G202606100932,B202606100937,0.04933743849426922,14.367521568257686,0.06884195278852162,3.081828118971507,0.0
B202606100937,50065,S077,4,307.5,41.0,32.913865,32.913865,temperature (board),4.923617305492665,5.197629023328124,-0.0954916666666666,paired,,Source (untreated),0.0,False,2026-06-10 09:37:00+00:00,-0.0215,2026-06-10,5.209253505045659,2026-06-10,0,-0.0116244817175346,G202606100932,2026-06-10 09:37:00,0.0,-0.011624481717534607,0.625,0.015361285161487149,12.913865000000001,-0.15011698759521006,0,False,50065,G202606100932,B202606100937,0.19712625231432462,7.11615219669077,0.18887048610115148,3.081828118971507,0.0
B202606110822,50053,S081,1,653.0,33.0,31.179688,31.53038,sipm_temperature,6.180016653652572,6.420379945652572,1.6270833333333334,paired,Isiolo.Garbatulla.Kulamawe 1 (police station).Borehole,Source (untreated),0.0,False,2026-06-11 08:22:00+00:00,-0.0215,2026-06-11,6.76663822170616,2026-06-11,0,-0.3462582760535877,G202606110822,2026-06-11 08:22:00,0.0,-0.3462582760535877,-1.0,-0.02985296314968116,11.179687999999999,-3.8710594936969818,0,False,50053,G202606110822,B202606110822,-0.3167032069119793,15.54818107301819,-0.4020551538798086,3.7656855276403682,0.0
B202606110822,50065,S081,1,300.0,39.0,34.59189,34.59189,temperature (board),4.867534450455582,5.181260085455582,0.91125,paired,Isiolo.Garbatulla.Kulamawe 1 (police station).Borehole,Source (untreated),0.0,False,2026-06-11 08:22:00+00:00,-0.0215,2026-06-11,5.010247396476357,2026-06-11,0,0.1710126889792249,G202606110822,2026-06-11 08:22:00,0.0,0.17101268897922495,-0.625,-0.015898586067798273,14.59189,2.4953983461890625,0,False,50065,G202606110822,B202606110822,0.398341880353568,9.232202848634795,0.2054302969587933,3.7656855276403682,0.0
B202606110829,50053,S082,1,638.0,35.0,31.679688,31.905518,sipm_temperature,6.148468295917647,6.399581587917647,0.6302734333333333,paired,Isiolo.Garbatulla.Kulamawe 1 (police station).Borehole,Source (untreated),0.0,False,2026-06-11 08:29:00+00:00,-0.0215,2026-06-11,6.76663822170616,2026-06-11,0,-0.3670566337885121,G202606110829,2026-06-11 08:29:00,0.0,-0.36705663378851217,1.0,0.028987536873252187,11.679687999999999,-4.28710696098008,0,False,50053,G202606110829,B202606110829,0.11712151144629257,15.54818107301819,-0.10437464743744163,3.7656855276403682,0.0
B202606110829,50065,S082,4,307.0,39.0,37.351288,37.351288,temperature (board),4.919980925828125,5.293033617828125,0.3963166666666666,paired,Isiolo.Garbatulla.Kulamawe 1 (police station).Borehole,Source (untreated),0.0,False,2026-06-11 08:29:00+00:00,-0.0215,2026-06-11,5.010247396476357,2026-06-11,0,0.2827862213517678,G202606110829,2026-06-11 08:29:00,0.0,0.2827862213517678,-0.625,-0.015898586067798273,17.351287999999997,4.906705169106271,0,False,50065,G202606110829,B202606110829,0.7627108971720696,9.232202848634795,0.29550823684221333,3.7656855276403682,0.0
B202606110832,50053,S082,1,638.0,35.0,31.679688,31.905518,sipm_temperature,6.148468295917647,6.399581587917647,-2.3697265666666665,paired,Isiolo.Garbatulla.Kulamawe 1 (police station).Borehole,Source (untreated),0.0,False,2026-06-11 08:32:00+00:00,-0.0215,2026-06-11,6.76663822170616,2026-06-11,0,-0.3670566337885121,G202606110829,2026-06-11 08:32:00,0.0,-0.36705663378851217,1.0,0.028987536873252187,11.679687999999999,-4.28710696098008,0,False,50053,G202606110829,B202606110832,0.11712151144629257,15.54818107301819,-0.10437464743744163,3.7656855276403682,0.0
B202606110832,50065,S082,2,307.0,39.5,37.351288,37.351288,temperature (board),4.919980925828125,5.293033617828125,-0.6060166666666665,paired,Isiolo.Garbatulla.Kulamawe 1 (police station).Borehole,Source (untreated),0.0,False,2026-06-11 08:32:00+00:00,-0.0215,2026-06-11,5.010247396476357,2026-06-11,0,0.2827862213517678,G202606110829,2026-06-11 08:32:00,0.0,0.2827862213517678,-0.125,-0.0031595602903684815,17.351287999999997,4.906705169106271,0,False,50065,G202606110829,B202606110832,0.8375746892645545,9.232202848634795,0.3646891549553179,3.7656855276403682,0.0
B202606110914,50065,S084,3,274.0,40.0,37.81961,37.81961,temperature (board),4.6443908991413725,5.026700244141373,-0.1309333333333333,paired,Isiolo.Garbatula.Kinna.Kulamawe1 (Police station).Near Old Livestock troughts.Stand tap 1,Treated,0.0,False,2026-06-11 09:14:00+00:00,-0.0215,2026-06-11,5.010247396476357,2026-06-11,0,0.0164528476650156,G202606110914,2026-06-11 09:14:00,2.0,0.03290569533003218,0.75,0.01892800988551886,17.819609999999997,0.5863666575599946,0,False,50065,G202606110914,B202606110914,0.25155188898292125,9.232202848634795,0.2369437580619004,3.7656855276403682,2.0
B202606110916,50053,S084,1,859.0,34.0,31.117188,31.676407,sipm_temperature,6.535241271013659,6.774260813013659,-4.364973966666667,paired,Isiolo.Garbatula.Kinna.Kulamawe1 (Police station).Near Old Livestock troughts.Stand tap 1,Treated,0.0,False,2026-06-11 09:16:00+00:00,-0.0215,2026-06-11,6.76663822170616,2026-06-11,0,0.0076225913074994,G202606110914,2026-06-11 09:16:00,2.0,0.015245182614999742,0.0,0.0,11.117187999999999,0.16948356122528374,0,False,50053,G202606110914,B202606110916,0.16505140441348126,15.54818107301819,0.14894583767831682,3.7656855276403682,2.0
B202606110916,50065,S084,1,274.0,40.0,37.78183,37.78183,temperature (board),4.6443908991413725,5.026700244141373,-1.1327166666666666,paired,Isiolo.Garbatula.Kinna.Kulamawe1 (Police station).Near Old Livestock troughts.Stand tap 1,Treated,0.0,False,2026-06-11 09:16:00+00:00,-0.0215,2026-06-11,5.010247396476357,2026-06-11,0,0.0164528476650156,G202606110914,2026-06-11 09:16:00,2.0,0.03290569533003218,0.75,0.01892800988551886,17.78183,0.5851234803904262,0,False,50065,G202606110914,B202606110916,0.2517095338612486,9.232202848634795,0.23713424199881242,3.7656855276403682,2.0
B202606110850,50053,S083,1,887.0,33.0,31.210938,31.62857,sipm_temperature,6.57507584059962,6.81611100759962,3.628776033333333,paired,Isiolo.Garbatula.Kinna.Kulamawe1 (Police station).Near Old Livestock troughts.Stand tap 1,Source (untreated),2.0,False,2026-06-11 08:50:00+00:00,-0.0215,2026-06-11,6.76663822170616,2026-06-11,0,0.0494727858934602,G202606110850,2026-06-11 08:50:00,0.0,0.04947278589346027,-1.0,-0.02985296314968116,11.210937999999999,0.5546363353388576,0,False,50053,G202606110850,B202606110850,-0.04193391484455761,15.54818107301819,0.023153091320523095,3.7656855276403682,0.0
B202606110850,50065,S083,4,285.5,39.0,35.196136,35.196136,temperature (board),4.749261159734807,5.075978083734808,0.3898583333333333,paired,Isiolo.Garbatula.Kinna.Kulamawe1 (Police station).Near Old Livestock troughts.Stand tap 1,Source (untreated),2.0,False,2026-06-11 08:50:00+00:00,-0.0215,2026-06-11,5.010247396476357,2026-06-11,0,0.0657306872584504,G202606110850,2026-06-11 08:50:00,0.0,0.06573068725845044,-0.625,-0.015898586067798273,15.196136000000003,0.9988524629528802,0,False,50065,G202606110850,B202606110850,0.1411086501680022,9.232202848634795,0.09433569656629408,3.7656855276403682,0.0
B202606110853,50053,S083,1,887.0,33.0,31.210938,31.62857,sipm_temperature,6.57507584059962,6.81611100759962,0.6287760333333333,paired,Isiolo.Garbatula.Kinna.Kulamawe1 (Police station).Near Old Livestock troughts.Stand tap 1,Source (untreated),1.0,False,2026-06-11 08:53:00+00:00,-0.0215,2026-06-11,6.76663822170616,2026-06-11,0,0.0494727858934602,G202606110850,2026-06-11 08:53:00,0.0,0.04947278589346027,-1.0,-0.02985296314968116,11.210937999999999,0.5546363353388576,0,False,50053,G202606110850,B202606110853,-0.04193391484455761,15.54818107301819,0.023153091320523095,3.7656855276403682,0.0
B202606110853,50065,S083,4,290.5,40.0,36.71559,36.71559,temperature (board),4.791641144189393,5.151026329189394,0.383625,paired,Isiolo.Garbatula.Kinna.Kulamawe1 (Police station).Near Old Livestock troughts.Stand tap 1,Source (untreated),1.0,False,2026-06-11 08:53:00+00:00,-0.0215,2026-06-11,5.010247396476357,2026-06-11,0,0.1407789327130366,G202606110850,2026-06-11 08:53:00,0.0,0.14077893271303665,0.375,0.009419221916491558,16.71559,2.3532029198687083,0,False,50065,G202606110850,B202606110853,0.49827768679961637,9.232202848634795,0.2978162501609164,3.7656855276403682,0.0
B202606110856,50053,S083,1,887.0,33.0,31.210938,31.62857,sipm_temperature,6.57507584059962,6.81611100759962,-2.371223966666667,paired,Isiolo.Garbatula.Kinna.Kulamawe1 (Police station).Near Old Livestock troughts.Stand tap 1,Source (untreated),2.0,False,2026-06-11 08:56:00+00:00,-0.0215,2026-06-11,6.76663822170616,2026-06-11,0,0.0494727858934602,G202606110850,2026-06-11 08:56:00,0.0,0.04947278589346027,-1.0,-0.02985296314968116,11.210937999999999,0.5546363353388576,0,False,50053,G202606110850,B202606110856,-0.04193391484455761,15.54818107301819,0.023153091320523095,3.7656855276403682,0.0
B202606110856,50065,S083,4,299.0,39.0,37.341217,37.341217,temperature (board),4.859692204829871,5.232528370329871,0.3758583333333333,paired,Isiolo.Garbatula.Kinna.Kulamawe1 (Police station).Near Old Livestock troughts.Stand tap 1,Source (untreated),2.0,False,2026-06-11 08:56:00+00:00,-0.0215,2026-06-11,5.010247396476357,2026-06-11,0,0.2222809738535138,G202606110850,2026-06-11 08:56:00,0.0,0.22228097385351386,-0.625,-0.015898586067798273,17.341217,3.8546226025651102,0,False,50065,G202606110850,B202606110856,0.5896154085573525,9.232202848634795,0.2361835292588526,3.7656855276403682,0.0
B202606110924,50053,S085,1,844.0,34.0,31.515625,32.119522,sipm_temperature,6.513230110912307,6.760816048412307,-0.35996095,paired,Isiolo.Garbatula.Kinna.Kulamawe1 (Police station).Near Old Livestock troughts.Stand tap 1,Treated,0.0,False,2026-06-11 09:24:00+00:00,-0.0215,2026-06-11,6.76663822170616,2026-06-11,0,-0.0058221732938523,G202606110924,2026-06-11 09:24:00,3.0,-0.0134447646013518,0.0,0.0,11.515625,-0.15482486736244183,0,False,50053,G202606110924,B202606110924,0.1439020607430891,15.54818107301819,0.11634950428229374,3.7656855276403682,3.0
B202606110924,50065,S085,3,268.0,39.0,38.511963,38.511963,temperature (board),4.584967478670572,4.9835456226345896,0.8589,paired,Isiolo.Garbatula.Kinna.Kulamawe1 (Police station).Near Old Livestock troughts.Stand tap 1,Treated,0.0,False,2026-06-11 09:24:00+00:00,-0.0215,2026-06-11,5.010247396476357,2026-06-11,0,-0.0267017738417676,G202606110924,2026-06-11 09:24:00,3.0,-0.043154621506783286,-1.0,-0.025317807984289897,18.511963,-0.7988767566125765,0,False,50065,G202606110924,B202606110924,-0.24175368268624273,9.232202848634795,-0.08017413643335333,3.7656855276403682,3.0
B202606110929,50053,S085,1,840.0,34.0,31.625,32.041473,sipm_temperature,6.507277712385012,6.757215212385011,0.6401041666666667,paired,Isiolo.Garbatula.Kinna.Kulamawe1 (Police station).Near Old Livestock troughts.Stand tap 1,Treated,0.0,False,2026-06-11 09:29:00+00:00,-0.0215,2026-06-11,6.76663822170616,2026-06-11,0,-0.0094230093211482,G202606110924,2026-06-11 09:29:00,3.0,-0.017045600628647684,0.0,0.0,11.625,-0.19815510730802932,0,False,50053,G202606110924,B202606110929,0.14101102720255548,15.54818107301819,0.11202815168345129,3.7656855276403682,3.0
B202606110929,50065,S085,4,270.0,39.5,38.552246,38.552246,temperature (board),4.605170185988092,5.004043474988092,0.3511833333333333,paired,Isiolo.Garbatula.Kinna.Kulamawe1 (Police station).Near Old Livestock troughts.Stand tap 1,Treated,0.0,False,2026-06-11 09:29:00+00:00,-0.0215,2026-06-11,5.010247396476357,2026-06-11,0,-0.0062039214882654,G202606110924,2026-06-11 09:29:00,3.0,-0.022656769153281076,-0.5,-0.012578782206860073,18.552245999999997,-0.42033395489688213,0,False,50065,G202606110924,B202606110929,-0.10529969909048659,9.232202848634795,0.008603396112861789,3.7656855276403682,3.0
